,Price,Age,KM,FuelType,HP,MetColor,Automatic,CC,Doors,Weight,Price_Class,Age_Converted
0,13500,23.0,46986,Diesel,90,1.0,0,2000,3,1165,High,1.9
1,13750,23.0,72937,Diesel,90,1.0,0,2000,3,1165,High,1.9
2,13950,24.0,41711,Diesel,90,,0,2000,3,1165,High,2.0
3,14950,26.0,48000,Diesel,90,0.0,0,2000,3,1165,High,2.2
4,13750,30.0,38500,Diesel,90,0.0,0,2000,3,1170,High,2.5
5,12950,32.0,61000,Diesel,90,0.0,0,2000,3,1170,High,2.7
6,16900,27.0,??,Diesel,????,,0,2000,3,1245,High,2.2
7,18600,30.0,75889,,90,1.0,0,2000,3,1245,High,2.5
8,21500,27.0,19700,Petrol,192,0.0,0,1800,3,1185,High,2.2
9,12950,23.0,71138,Diesel,????,,0,1900,3,1105,High,1.9
10,20950,25.0,31461,Petrol,192,0.0,0,1800,3,1185,High,2.1
11,19950,22.0,43610,Petrol,192,0.0,0,1800,3,1185,High,1.8
12,19600,25.0,32189,Petrol,192,0.0,0,1800,3,1185,High,2.1
13,21500,31.0,23000,Petrol,192,1.0,0,1800,3,1185,High,2.6
14,22500,32.0,34131,Petrol,192,1.0,0,1800,3,1185,High,2.7
15,22000,28.0,18739,Petrol,????,0.0,0,1800,3,1185,High,2.3
16,22750,30.0,34000,Petrol,192,1.0,0,1800,3,1185,High,2.5
17,17950,24.0,21716,Petrol,110,1.0,0,1600,3,1105,High,2.0
18,16750,24.0,25563,Petrol,110,0.0,0,1600,3,1065,High,2.0
19,16950,30.0,64359,Petrol,110,1.0,0,1600,3,1105,High,2.5
20,15950,30.0,67660,Petrol,110,1.0,0,1600,3,1105,High,2.5
21,16950,29.0,43905,,110,0.0,1,1600,3,1170,High,2.4
22,15950,28.0,56349,Petrol,110,1.0,0,1600,3,1120,High,2.3
23,16950,28.0,32220,Petrol,110,1.0,0,1600,3,1120,High,2.3
24,16250,29.0,25813,Petrol,110,1.0,0,1600,3,1120,High,2.4
25,15950,25.0,28450,Petrol,110,1.0,0,1600,3,1120,High,2.1
26,17495,27.0,34545,,110,1.0,0,1600,3,1120,High,2.2
27,15750,29.0,41415,Petrol,110,1.0,0,1600,3,1120,High,2.4
28,16950,28.0,44142,Petrol,110,0.0,0,1600,3,1120,High,2.3
29,17950,30.0,11090,,110,,0,1600,3,1120,High,2.5
30,12950,29.0,9750,Petrol,97,1.0,0,1400,3,1100,High,2.4
31,15750,22.0,35199,Petrol,97,1.0,0,1400,3,1100,High,1.8
32,15950,27.0,29510,Petrol,97,1.0,0,1400,3,1100,High,2.2
33,14950,,32692,Petrol,97,1.0,0,1400,3,1100,High,
34,15500,22.0,41000,Petrol,97,1.0,0,1400,3,1100,High,1.8
35,15750,26.0,43000,Petrol,97,0.0,0,1400,3,1100,High,2.2
36,15950,25.0,25000,Petrol,97,0.0,0,1400,3,1100,High,2.1
37,14950,23.0,10000,Petrol,97,1.0,0,1400,3,1100,High,1.9
38,15750,32.0,25329,Petrol,97,1.0,0,1400,3,1100,High,2.7
39,14750,27.0,27500,Petrol,97,0.0,0,1400,3,1100,High,2.2
40,13950,22.0,49059,Petrol,97,0.0,0,1400,3,1100,High,1.8
41,16750,27.0,44068,Petrol,97,1.0,0,1400,3,1100,High,2.2
42,13950,22.0,46961,Petrol,97,0.0,0,1400,3,1100,High,1.8
43,16950,27.0,110404,Diesel,90,,0,2000,5,1255,High,2.2
44,16950,22.0,100250,,90,0.0,0,2000,5,1255,High,1.8
45,19000,23.0,84000,Diesel,90,,0,2000,5,1270,High,1.9
46,17950,27.0,79375,Diesel,90,1.0,0,2000,5,1255,High,2.2
47,15800,22.0,75048,Petrol,97,1.0,0,1400,5,1110,High,1.8
48,17950,22.0,72215,Diesel,90,1.0,0,2000,5,1255,High,1.8
49,21950,31.0,64982,Petrol,192,,0,1800,5,1195,High,2.6
50,17950,22.0,62636,Diesel,90,1.0,0,2000,5,1255,High,1.8
51,15750,30.0,57086,Petrol,97,1.0,0,1400,5,1110,High,2.5
52,20500,26.0,56000,Petrol,110,1.0,1,1600,5,1180,High,2.2
53,21950,27.0,49866,Petrol,192,1.0,0,1800,5,1195,High,2.2
54,15500,25.0,49163,Petrol,110,0.0,1,1600,5,1165,High,2.1
55,13250,,45725,Petrol,110,1.0,0,1600,5,1075,High,
56,15250,28.0,43210,Petrol,97,0.0,0,1400,5,1110,High,2.3
57,15250,26.0,43000,Petrol,97,0.0,0,1400,5,1110,High,2.2
58,18950,23.0,39704,Petrol,110,1.0,1,1600,5,1180,High,1.9
59,15999,30.0,38950,Petrol,110,1.0,0,1600,5,1130,High,2.5
60,14950,22.0,37400,,97,1.0,0,1400,5,1110,High,1.8
61,16500,27.0,37177,Petrol,110,,0,1600,5,1130,High,2.2
62,18750,31.0,36544,Petrol,110,1.0,0,1600,5,1130,High,2.6
63,17950,30.0,33511,Petrol,110,1.0,0,1600,5,1130,High,2.5
64,17950,27.0,??,Petrol,97,1.0,0,1400,5,1110,High,2.2
65,16950,26.0,32181,Petrol,110,1.0,0,1600,5,1075,High,2.2
66,18950,28.0,30993,Petrol,110,1.0,0,1600,5,1130,High,2.3
67,14950,22.0,30400,Petrol,97,1.0,0,1400,5,1110,High,1.8
68,22250,22.0,30000,Diesel,110,1.0,0,2000,5,1275,High,1.8
69,15950,25.0,29719,Petrol,97,,0,1400,5,1110,High,2.1
70,15950,28.0,29206,Petrol,97,1.0,0,1400,5,1110,High,2.3
71,12995,32.0,29198,Petrol,97,1.0,0,1400,5,1060,High,2.7
72,18950,28.0,28817,Petrol,110,1.0,0,1598,5,1130,High,2.3
73,15750,23.0,28227,Petrol,97,1.0,0,1400,5,1110,High,1.9
74,19950,28.0,28000,Petrol,110,0.0,0,1600,5,1130,High,2.3
75,16950,23.0,28000,Petrol,110,1.0,0,1600,5,1115,High,1.9
76,18750,31.0,25266,Petrol,110,1.0,0,1600,5,1130,High,2.6
77,18450,27.0,23489,Petrol,110,0.0,0,1600,5,1115,High,2.2
78,16895,29.0,22575,Petrol,110,1.0,0,1600,5,1115,High,2.4
79,14900,30.0,22000,Petrol,97,1.0,0,1400,5,1110,High,2.5
80,18950,25.0,20019,Petrol,110,1.0,1,1600,5,1180,High,2.1
81,17250,29.0,20000,Petrol,110,1.0,0,1600,5,1115,High,2.4
82,15450,25.0,17003,Petrol,97,1.0,0,1400,5,1110,High,2.1
83,17950,,16238,Petrol,110,1.0,1,1600,5,1180,High,
84,16650,25.0,15414,Petrol,97,1.0,0,1400,5,1110,High,2.1
85,17450,28.0,8537,Petrol,110,1.0,0,1600,5,1130,High,2.3
86,14900,30.0,7000,,97,1.0,0,1400,5,1100,High,2.5
87,17950,20.0,66966,Diesel,90,1.0,0,2000,3,1245,High,1.7
88,15950,19.0,51884,Petrol,97,1.0,0,1400,3,1100,High,1.6
89,21950,19.0,50005,Diesel,110,1.0,0,2000,3,1265,High,1.6
90,16450,20.0,48110,Petrol,97,,0,1400,3,1100,High,1.7
91,22250,20.0,??,Diesel,90,1.0,0,2000,3,1260,High,1.7
92,19950,,34472,Diesel,90,1.0,0,1995,3,1260,High,
93,15950,20.0,33329,Petrol,97,1.0,0,1400,3,1100,High,1.7
94,18900,20.0,31850,Petrol,110,0.0,0,1600,3,1120,High,1.7
95,19950,17.0,30351,Diesel,90,1.0,0,1995,3,1260,High,1.4
96,15950,19.0,29435,Petrol,97,1.0,0,1400,3,1100,High,1.6
97,15950,19.0,25948,Petrol,97,1.0,0,1400,3,1100,High,1.6
98,18750,11.0,24500,Petrol,110,,0,1600,3,1120,High,0.9
99,17450,18.0,23902,Petrol,97,1.0,0,1400,3,1100,High,1.5
100,18990,20.0,23175,Petrol,110,1.0,0,1600,3,1120,High,1.7
101,16250,19.0,19200,Petrol,97,1.0,0,1400,3,1100,High,1.6
102,18500,13.0,18000,Petrol,71,0.0,0,1400,3,1125,High,1.1
103,18500,11.0,16123,Petrol,110,1.0,0,1600,3,1105,High,0.9
104,19450,11.0,14635,Petrol,110,1.0,1,1600,3,1155,High,0.9
105,16950,,13748,Petrol,97,1.0,0,1400,3,1100,High,
106,18800,14.0,11500,Petrol,110,1.0,0,1600,3,1045,High,1.2
107,17450,17.0,10000,,97,1.0,0,1400,3,1100,High,1.4
108,17950,20.0,7187,Petrol,110,1.0,0,1600,3,1105,High,1.7
109,32500,,1,,116,0.0,0,2000,5,1480,High,
110,31000,4.0,4000,Diesel,116,1.0,0,2000,5,1480,High,0.3
111,31275,4.0,1500,Diesel,116,1.0,0,2000,5,1480,High,0.3
112,24950,8.0,??,Diesel,116,1.0,0,2000,5,1320,High,0.7
113,24950,8.0,13253,Diesel,116,1.0,0,2000,5,1320,High,0.7
114,22950,7.0,10000,Diesel,116,1.0,0,2000,5,1270,High,0.6
115,24990,8.0,6000,Diesel,90,1.0,0,2000,5,1280,High,0.7
116,21950,8.0,10841,,90,1.0,0,2000,5,1270,High,0.7
117,17900,,1,Petrol,110,1.0,0,1600,3,1105,High,
118,19250,20.0,63000,Diesel,90,1.0,0,2000,5,1255,High,1.7
119,22250,,57313,,110,1.0,0,2000,5,1275,High,
120,18950,13.0,57037,Petrol,110,0.0,0,1600,5,1115,High,1.1
121,19950,19.0,51099,,90,1.0,0,2000,5,1255,High,1.6
122,16350,14.0,40010,Petrol,110,1.0,0,1600,5,1115,High,1.2
123,18950,20.0,39115,Petrol,110,1.0,0,1600,5,1130,High,1.7
124,16950,17.0,36012,,110,0.0,0,1600,5,1130,High,1.4
125,21750,16.0,??,Petrol,110,1.0,0,1600,5,1130,High,1.3
126,15950,20.0,36000,Petrol,110,1.0,0,1600,5,1075,High,1.7
127,16500,20.0,35000,Petrol,97,1.0,0,1400,5,1110,High,1.7
128,17950,17.0,33740,Petrol,97,1.0,0,1400,5,1135,High,1.4
129,15850,13.0,33477,Petrol,110,1.0,0,1600,5,1075,High,1.1
130,16250,20.0,32627,Petrol,97,1.0,0,1400,5,1110,High,1.7
131,15950,20.0,??,Petrol,97,1.0,0,1400,5,1110,High,1.7
132,16250,19.0,29441,Petrol,97,1.0,0,1400,5,1110,High,1.6
133,15950,13.0,29371,Petrol,110,1.0,0,1600,4,1105,High,1.1
134,16500,20.0,29000,Petrol,97,0.0,0,1400,5,1110,High,1.7
135,16500,19.0,27821,Petrol,97,0.0,0,1400,5,1110,High,1.6
136,18450,19.0,27371,Petrol,97,0.0,0,1400,5,1135,High,1.6
137,16250,13.0,25170,Petrol,110,1.0,0,1600,5,1105,High,1.1
138,23000,11.0,25000,Diesel,116,1.0,0,2000,5,1320,High,0.9
139,19900,20.0,23000,Petrol,110,1.0,0,1600,5,1130,High,1.7
140,16450,20.0,22588,Petrol,97,1.0,0,1400,5,1110,High,1.7
141,23950,19.0,21684,Petrol,192,1.0,0,1800,5,1185,High,1.6
142,19950,13.0,21428,Petrol,110,1.0,0,1600,5,1130,High,1.1
143,18500,16.0,20629,Petrol,110,1.0,0,1600,4,1090,High,1.3
144,18950,15.0,20270,Petrol,110,,0,1600,5,1130,High,1.2
145,16450,16.0,20105,Petrol,97,0.0,0,1400,5,1110,High,1.3
146,20500,20.0,20000,Petrol,110,0.0,1,1600,5,1165,High,1.7
147,24500,13.0,19988,Petrol,110,1.0,0,1600,5,1130,High,1.1
148,19450,19.0,18328,Petrol,110,0.0,0,1600,5,1130,High,1.6
149,20950,14.0,17896,Petrol,110,1.0,1,1600,4,1150,High,1.2
150,17200,20.0,17300,Petrol,97,1.0,0,1400,5,1110,High,1.7
151,19950,19.0,17038,Petrol,110,0.0,0,1600,5,1130,High,1.6
152,18450,10.0,13747,Petrol,97,1.0,0,1400,5,1110,High,0.8
153,19500,12.0,13634,Petrol,110,1.0,0,1600,5,1115,High,1.0
154,21750,13.0,13178,Petrol,110,1.0,0,1600,5,1130,High,1.1
155,16868,15.0,13157,,97,1.0,0,1400,4,1085,High,1.2
156,19500,16.0,13000,,110,1.0,0,1600,4,1105,High,1.3
157,18900,11.0,12500,Petrol,110,1.0,0,1600,5,1115,High,0.9
158,19750,17.0,11999,Petrol,110,1.0,0,1600,5,1130,High,1.4
159,19750,16.0,11754,Petrol,110,0.0,1,1600,5,1180,High,1.3
160,18950,16.0,11000,,110,,0,1600,4,1105,High,1.3
161,20750,17.0,10000,Petrol,110,0.0,0,1598,5,1105,High,1.4
162,19600,9.0,7650,Petrol,110,1.0,0,1600,5,1115,High,0.8
163,19500,14.0,6500,,110,,0,1600,4,1100,High,1.2
164,17650,11.0,6155,Petrol,97,1.0,0,1400,5,1110,High,0.9
165,19950,14.0,6000,Petrol,110,0.0,0,1600,5,1130,High,1.2
166,19950,14.0,5459,Petrol,110,1.0,0,1600,5,1130,High,1.2
167,20950,14.0,5278,Petrol,110,1.0,1,1600,4,1150,High,1.2
168,20500,12.0,5000,Petrol,110,1.0,0,1600,5,1130,High,1.0
169,17795,9.0,1,Petrol,98,1.0,0,1400,4,1065,High,0.8
170,18245,9.0,1,Petrol,110,1.0,0,1600,5,1075,High,0.8
171,23750,8.0,11000,Petrol,110,1.0,0,1600,5,1130,High,0.7
172,19500,8.0,10077,Petrol,97,1.0,0,1400,5,1110,High,0.7
173,18950,8.0,10000,Petrol,97,1.0,0,1400,5,1110,High,0.7
174,21950,8.0,9788,Petrol,110,1.0,0,1600,5,1130,High,0.7
175,19950,8.0,8574,Petrol,110,1.0,0,1600,5,1130,High,0.7
176,18950,8.0,7000,Petrol,110,0.0,0,1600,5,1115,High,0.7
177,19950,7.0,6250,Petrol,110,1.0,0,1600,5,1115,High,0.6
178,21950,8.0,5000,Petrol,110,1.0,0,1600,5,1130,High,0.7
179,22500,6.0,3000,Petrol,110,0.0,0,1600,5,1130,High,0.5
180,18500,7.0,2000,Petrol,110,0.0,0,1600,5,1075,High,0.6
181,18700,7.0,450,Petrol,97,1.0,0,1400,5,1110,High,0.6
182,21125,2.0,225,Petrol,97,1.0,0,1400,5,1110,High,0.2
183,21500,,15,Petrol,110,1.0,0,1600,5,1130,High,
184,17795,1.0,1,Petrol,98,1.0,0,1400,4,1100,High,0.1
185,18245,1.0,1,Petrol,110,1.0,0,1600,5,1075,High,0.1
186,6950,43.0,243000,Diesel,69,0.0,0,1900,3,1110,Low,3.6
187,9500,38.0,180638,Diesel,90,0.0,0,2000,4,1160,Medium,3.2
188,11950,40.0,179860,Diesel,90,1.0,0,2000,5,1205,Medium,3.3
189,7750,43.0,178858,CNG,110,0.0,0,1600,3,1084,Low,3.6
190,11950,40.0,161000,Diesel,69,1.0,0,1900,3,1105,Medium,3.3
191,4350,44.0,158320,Diesel,69,0.0,0,1800,5,1110,Low,3.7
192,4750,44.0,131273,Diesel,69,1.0,0,1800,5,1110,Low,3.7
193,11750,40.0,130062,Diesel,69,1.0,0,1900,5,1140,Medium,3.3
194,13250,41.0,123425,Diesel,69,1.0,0,1900,5,1140,High,3.4
195,11950,37.0,118217,Petrol,110,1.0,0,1600,5,1075,Medium,3.1
196,11900,44.0,110000,Diesel,69,1.0,0,1900,5,1095,Medium,3.7
197,14750,39.0,108847,Diesel,90,1.0,0,2000,5,1205,High,3.2
198,9950,42.0,105699,Petrol,97,1.0,0,1400,3,1025,Medium,3.5
199,11950,,98823,CNG,110,1.0,0,1600,5,1119,Medium,
200,11495,44.0,96829,Petrol,110,,0,1600,5,1075,Medium,3.7
201,11250,40.0,96518,Petrol,97,1.0,0,1400,3,1025,Medium,3.3
202,10500,42.0,92204,Petrol,110,1.0,0,1600,5,1075,Medium,3.5
203,10450,35.0,91456,Diesel,69,1.0,0,1900,3,1110,Medium,2.9
204,12950,43.0,89968,Diesel,69,1.0,0,1900,5,1140,High,3.6
205,11500,44.0,89757,Petrol,110,1.0,0,1600,3,1045,Medium,3.7
206,12500,40.0,85389,Petrol,110,1.0,0,1600,5,1075,High,3.3
207,10950,43.0,85017,,97,0.0,0,1400,5,1060,Medium,3.6
208,11450,41.0,84312,Petrol,110,0.0,0,1600,5,1080,Medium,3.4
209,11950,37.0,82743,CNG,110,1.0,0,1600,5,1121,Medium,3.1
210,13250,41.0,81106,Diesel,69,1.0,0,1900,5,1140,High,3.4
211,14750,40.0,80425,Diesel,90,1.0,0,2000,5,1205,High,3.3
212,11790,34.0,78677,Petrol,110,1.0,1,1600,5,1105,Medium,2.8
213,11450,40.0,78425,Petrol,110,,0,1600,5,1075,Medium,3.3
214,13500,33.0,78108,Diesel,90,1.0,0,2000,3,1170,High,2.8
215,10950,33.0,77321,Petrol,110,1.0,0,1600,5,1075,Medium,2.8
216,13500,33.0,75699,Diesel,69,0.0,0,1900,3,1105,High,2.8
217,10950,41.0,75697,Petrol,97,1.0,0,1400,3,1025,Medium,3.4
218,10950,44.0,74846,Petrol,97,,0,1400,3,1025,Medium,3.7
219,12950,38.0,74319,Petrol,110,1.0,0,1600,5,1075,High,3.2
220,11950,,74285,Petrol,110,1.0,0,1600,5,1075,Medium,
221,12450,44.0,74172,Petrol,110,1.0,0,1600,5,1615,High,3.7
222,11950,40.0,73042,Petrol,110,1.0,0,1598,5,1075,Medium,3.3
223,14950,44.0,71793,CNG,110,,0,1600,4,1067,High,3.7
224,12450,35.0,71200,Petrol,110,1.0,0,1600,5,1075,High,2.9
225,12950,38.0,67805,Petrol,110,1.0,0,1600,5,1075,High,3.2
226,11950,,65988,Petrol,110,,0,1600,3,1040,Medium,
227,11690,,65345,Petrol,97,1.0,0,1400,5,1060,Medium,
228,12450,42.0,64564,Petrol,110,1.0,0,1600,5,1080,High,3.5
229,12750,36.0,63459,Petrol,97,1.0,0,1400,5,1060,High,3.0
230,11925,,63451,Petrol,97,0.0,0,1400,3,1025,Medium,
231,12950,33.0,62000,Petrol,110,1.0,0,1600,5,1075,High,2.8
232,11950,42.0,61300,Petrol,97,1.0,0,1400,3,1030,Medium,3.5
233,12900,41.0,61200,Petrol,110,1.0,0,1600,3,1045,High,3.4
234,11900,41.0,61000,Petrol,110,0.0,0,1600,5,1075,Medium,3.4
235,11650,38.0,60829,Petrol,110,,0,1600,5,1075,Medium,3.2
236,10950,44.0,60500,Petrol,110,0.0,0,1600,5,1075,Medium,3.7
237,13950,35.0,59500,Diesel,69,,0,1900,3,1110,High,2.9
238,13950,44.0,59000,Petrol,110,0.0,1,1600,5,1110,High,3.7
239,11950,40.0,58954,Petrol,110,1.0,0,1600,5,1080,Medium,3.3
240,10950,38.0,58798,Petrol,110,1.0,0,1600,5,1075,Medium,3.2
241,12450,38.0,58363,Petrol,110,1.0,0,1600,3,1055,High,3.2
242,11950,43.0,58277,Petrol,110,,0,1600,3,1045,Medium,3.6
243,13500,33.0,57711,Diesel,90,1.0,0,2000,3,1165,High,2.8
244,11690,33.0,57269,Petrol,110,1.0,0,1600,5,1075,Medium,2.8
245,13500,39.0,56001,Petrol,110,1.0,0,1600,5,1075,High,3.2
246,11950,42.0,55968,Petrol,110,,0,1600,3,1050,Medium,3.5
247,12900,,55678,Petrol,110,1.0,0,1600,4,1030,High,
248,13500,43.0,55539,Petrol,110,1.0,0,1600,5,1085,High,3.6
249,11750,42.0,55400,Petrol,110,0.0,0,1600,5,1075,Medium,3.5
250,11750,33.0,55350,Petrol,110,0.0,0,1600,5,1075,Medium,2.8
251,10850,43.0,54600,Petrol,110,0.0,0,1600,4,1030,Medium,3.6
252,11750,43.0,53773,Petrol,110,1.0,0,1600,5,1075,Medium,3.6
253,14950,42.0,53719,Petrol,110,1.0,1,1600,5,1105,High,3.5
254,9940,39.0,53644,Petrol,110,1.0,0,1600,5,1075,Medium,3.2
255,12900,42.0,53350,Petrol,110,0.0,0,1600,5,1075,High,3.5
256,13500,38.0,53000,Petrol,110,1.0,0,1600,5,1075,High,3.2
257,11750,44.0,52084,Petrol,97,1.0,0,1400,3,1025,Medium,3.7
258,11950,44.0,52000,Petrol,97,0.0,0,1400,3,1025,Medium,3.7
259,13450,33.0,51945,Petrol,110,1.0,0,1600,5,1075,High,2.8
260,11950,41.0,51732,Petrol,97,1.0,0,1400,3,1025,Medium,3.4
261,12495,39.0,50873,Petrol,110,,0,1600,5,1075,High,3.2
262,13500,41.0,50856,Petrol,110,0.0,0,1600,4,1030,High,3.4
263,12750,40.0,50640,Petrol,110,1.0,0,1600,5,1075,High,3.3
264,12000,39.0,50000,Petrol,97,1.0,0,1400,5,1060,High,3.2
265,11950,38.0,49500,Petrol,110,1.0,0,1600,5,1075,Medium,3.2
266,12495,44.0,49332,Petrol,110,1.0,0,1600,5,1080,High,3.7
267,12450,34.0,49291,Petrol,110,1.0,0,1600,3,1040,High,2.8
268,14750,40.0,48952,Diesel,90,1.0,0,2000,5,1205,High,3.3
269,10950,39.0,48945,Petrol,110,0.0,0,1600,3,1040,Medium,3.2
270,13500,33.0,48928,Diesel,69,,0,1900,3,1105,High,2.8
271,12950,38.0,48197,Petrol,110,1.0,0,1600,5,1075,High,3.2
272,13500,35.0,48052,Diesel,69,,0,1900,3,1105,High,2.9
273,13450,,48011,Petrol,110,1.0,0,1600,4,1030,High,
274,13500,43.0,48000,Petrol,110,1.0,0,1600,5,1075,High,3.6
275,11480,41.0,47350,Petrol,110,1.0,0,1600,5,1075,Medium,3.4
276,13450,39.0,46821,Petrol,97,1.0,0,1400,5,1060,High,3.2
277,11495,39.0,46694,Petrol,110,0.0,0,1600,3,1040,Medium,3.2
278,12750,43.0,46515,Petrol,97,0.0,0,1400,5,1025,High,3.6
279,14990,38.0,46327,Petrol,110,1.0,0,1600,3,1055,High,3.2
280,12950,35.0,46304,Petrol,97,1.0,0,1400,5,1060,High,2.9
281,12950,40.0,45886,Petrol,110,1.0,0,1600,5,1080,High,3.3
282,12850,39.0,45713,Petrol,97,1.0,0,1400,5,1085,High,3.2
283,13950,40.0,45600,Petrol,110,1.0,1,1600,5,1105,High,3.3
284,11950,41.0,45287,Petrol,110,1.0,0,1600,5,1075,Medium,3.4
285,12950,39.0,45081,Petrol,110,1.0,0,1600,5,1075,High,3.2
286,11700,40.0,44830,Petrol,110,,0,1600,5,1075,Medium,3.3
287,9950,37.0,44757,Petrol,97,,0,1400,3,1025,Medium,3.1
288,11895,44.0,44218,Petrol,97,1.0,0,1400,5,1060,Medium,3.7
289,12950,43.0,43632,Petrol,110,1.0,0,1600,5,1075,High,3.6
290,12500,36.0,43427,Petrol,110,1.0,0,1600,3,1040,High,3.0
291,13875,39.0,43254,Petrol,110,1.0,0,1600,5,1075,High,3.2
292,10500,35.0,43000,Petrol,110,0.0,0,1600,3,1050,Medium,2.9
293,12295,33.0,42823,Petrol,110,1.0,0,1600,5,1075,High,2.8
294,13950,42.0,42560,Petrol,110,1.0,0,1600,5,1080,High,3.5
295,10950,38.0,41754,Petrol,110,0.0,0,1600,3,1040,Medium,3.2
296,12950,44.0,41499,CNG,110,1.0,0,1600,5,1103,High,3.7
297,12850,40.0,41339,Petrol,110,1.0,0,1600,5,1080,High,3.3
298,13995,35.0,41000,Petrol,110,1.0,0,1600,5,1075,High,2.9
299,13750,39.0,40000,Petrol,110,1.0,0,1600,3,1055,High,3.2
300,12750,37.0,39757,Petrol,110,1.0,0,1600,5,1075,High,3.1
301,12500,41.0,39659,Petrol,110,,0,1600,3,1045,High,3.4
302,13950,43.0,39650,Petrol,110,0.0,0,1600,3,1055,High,3.6
303,11500,39.0,39524,Petrol,97,,0,1398,3,1025,Medium,3.2
304,13950,44.0,39516,Petrol,97,1.0,0,1400,5,1060,High,3.7
305,11895,41.0,39439,Petrol,97,0.0,0,1400,5,1060,Medium,3.4
306,9950,44.0,39000,Petrol,97,1.0,0,1400,3,1025,Medium,3.7
307,13500,42.0,38932,Petrol,110,1.0,0,1600,3,1040,High,3.5
308,11450,37.0,38812,Petrol,97,,0,1400,3,1025,Medium,3.1
309,12450,42.0,38665,Petrol,110,1.0,0,1600,5,1075,High,3.5
310,12950,40.0,38653,Petrol,110,1.0,0,1600,5,1080,High,3.3
311,13995,44.0,38461,Petrol,110,,0,1600,5,1080,High,3.7
312,11750,42.0,38078,Petrol,97,0.0,0,1400,3,1025,Medium,3.5
313,11650,39.0,37782,Petrol,97,1.0,0,1400,5,1060,Medium,3.2
314,9950,43.0,37576,Petrol,97,0.0,0,1400,3,1030,Medium,3.6
315,13950,41.0,37533,Petrol,110,1.0,0,1600,5,1075,High,3.4
316,12950,44.0,37389,Petrol,110,1.0,0,1600,5,1080,High,3.7
317,10950,38.0,37320,Petrol,97,1.0,0,1400,3,1025,Medium,3.2
318,9900,42.0,37000,Petrol,97,1.0,0,1400,3,1025,Medium,3.5
319,11950,44.0,37000,Petrol,110,0.0,0,1600,4,1075,Medium,3.7
320,11990,40.0,36566,Petrol,110,0.0,0,1600,5,1090,High,3.3
321,10750,36.0,36269,,110,1.0,0,1600,5,1075,Medium,3.0
322,13950,37.0,36074,Petrol,110,1.0,1,1600,5,1075,High,3.1
323,11250,44.0,36066,Petrol,110,1.0,0,1600,3,1040,Medium,3.7
324,12950,39.0,34599,Petrol,110,1.0,0,1600,5,1075,High,3.2
325,11950,41.0,34000,Petrol,110,1.0,0,1600,5,1075,Medium,3.4
326,10950,42.0,33623,Petrol,97,1.0,0,1400,3,1025,Medium,3.5
327,12950,33.0,33591,Petrol,110,1.0,0,1600,5,1075,High,2.8
328,12950,35.0,33258,Petrol,110,,0,1600,5,1075,High,2.9
329,11695,43.0,33113,,110,1.0,0,1600,5,1075,Medium,3.6
330,11000,41.0,33000,Petrol,110,1.0,1,1600,5,1075,Medium,3.4
331,13950,,32941,Petrol,110,1.0,0,1600,5,1080,High,
332,11950,38.0,32781,,110,0.0,0,1600,5,1075,Medium,3.2
333,11750,40.0,32532,,110,1.0,0,1600,3,1040,Medium,3.3
334,12400,34.0,32431,,97,1.0,0,1400,5,1060,High,2.8
335,12500,35.0,32000,Petrol,110,0.0,0,1600,3,1040,High,2.9
336,12900,33.0,31000,Petrol,110,1.0,0,1600,5,1075,High,2.8
337,12200,41.0,30989,Petrol,110,0.0,0,1600,3,1045,High,3.4
338,12750,43.0,30742,Petrol,110,1.0,0,1600,3,1040,High,3.6
339,11950,42.0,30190,Petrol,110,1.0,0,1600,5,1075,Medium,3.5
340,11900,41.0,29716,Petrol,116,1.0,0,1600,5,1075,Medium,3.4
341,11950,44.0,29716,,110,1.0,1,1600,3,1070,Medium,3.7
342,14950,42.0,29640,Petrol,110,,0,1600,3,1055,High,3.5
343,11950,41.0,29056,Petrol,97,1.0,0,1400,5,1060,Medium,3.4
344,12950,33.0,28715,Petrol,110,1.0,0,1600,5,1075,High,2.8
345,14950,41.0,28571,Petrol,110,0.0,0,1600,5,1090,High,3.4
346,13450,40.0,28362,Petrol,110,1.0,0,1600,3,1040,High,3.3
347,13750,38.0,28150,Petrol,110,,0,1600,5,1075,High,3.2
348,12950,43.0,27301,,110,1.0,0,1600,3,1040,High,3.6
349,12750,33.0,27240,Petrol,110,1.0,0,1600,5,1075,High,2.8
350,11895,39.0,27170,Petrol,97,1.0,0,1400,5,1060,Medium,3.2
351,9950,42.0,27141,Petrol,97,1.0,0,1400,5,1060,Medium,3.5
352,12450,38.0,26262,Petrol,110,1.0,0,1600,5,1075,High,3.2
353,12500,38.0,26000,Petrol,97,1.0,0,1400,5,1060,High,3.2
354,14950,43.0,25228,Petrol,110,1.0,0,1600,3,1045,High,3.6
355,13750,39.0,25062,Petrol,110,,0,1600,5,1080,High,3.2
356,12695,39.0,24723,Petrol,110,1.0,1,1600,4,1060,High,3.2
357,14990,,24650,Petrol,110,1.0,0,1600,3,1055,High,
358,12750,43.0,24553,Petrol,110,1.0,0,1600,5,1080,High,3.6
359,14350,41.0,24475,Petrol,110,,0,1600,5,1030,High,3.4
360,12950,39.0,24444,Petrol,110,,0,1600,3,1040,High,3.2
361,11500,35.0,24011,Petrol,97,0.0,0,1400,3,1025,Medium,2.9
362,11950,41.0,24000,Petrol,97,1.0,0,1400,3,1025,Medium,3.4
363,13450,40.0,23616,Petrol,110,1.0,0,1600,5,1075,High,3.3
364,12900,38.0,22865,Petrol,110,1.0,0,1600,5,1075,High,3.2
365,10500,41.0,22780,Petrol,86,,0,1300,5,1035,Medium,3.4
366,10950,35.0,21904,Petrol,97,0.0,0,1400,3,1025,Medium,2.9
367,11950,41.0,21651,Petrol,97,0.0,0,1400,3,1025,Medium,3.4
368,11450,37.0,21500,Petrol,110,1.0,0,1600,5,1030,Medium,3.1
369,13250,44.0,21027,Petrol,110,1.0,0,1600,5,1080,High,3.7
370,10250,39.0,18500,Petrol,110,0.0,0,1600,4,1030,Medium,3.2
371,13995,35.0,18000,Petrol,110,1.0,0,1600,5,1075,High,2.9
372,11950,40.0,17051,,97,0.0,0,1400,5,1060,Medium,3.3
373,13250,33.0,16512,Petrol,97,1.0,0,1400,5,1085,High,2.8
374,12950,40.0,16325,Petrol,110,1.0,0,1600,5,1080,High,3.3
375,11750,38.0,16000,Petrol,97,1.0,0,1400,5,1060,Medium,3.2
376,11500,39.0,12000,Petrol,110,1.0,0,1600,5,1075,Medium,3.2
377,13500,43.0,10000,Petrol,97,1.0,0,1400,5,1060,High,3.6
378,6500,53.0,216000,Diesel,69,0.0,0,1900,3,1110,Low,4.4
379,6400,51.0,198167,Diesel,69,0.0,0,1900,4,1095,Low,4.2
380,7000,53.0,176000,Diesel,69,0.0,0,1900,3,1105,Low,4.4
381,7750,54.0,174139,Diesel,72,1.0,0,2000,4,1100,Low,4.5
382,8900,45.0,174000,Diesel,69,,0,1900,5,1095,Medium,3.8
383,8500,55.0,150000,CNG,110,1.0,0,1600,3,1075,Medium,4.6
384,8950,54.0,149329,Diesel,72,1.0,0,2000,5,1135,Medium,4.5
385,9900,51.0,146736,Petrol,110,1.0,0,1600,5,1080,Medium,4.2
386,10250,53.0,143513,Diesel,69,0.0,0,1900,5,1140,Medium,4.4
387,9250,48.0,142130,CNG,110,0.0,0,1600,5,1119,Medium,4.0
388,7750,48.0,140700,Diesel,69,1.0,0,1900,5,1110,Low,4.0
389,9450,,138394,Diesel,69,1.0,0,1900,4,1095,Medium,
390,7750,55.0,137000,Diesel,72,,0,2000,5,1135,Low,4.6
391,8250,52.0,135258,Diesel,69,1.0,0,1900,5,1140,Low,4.3
392,9950,49.0,131364,Petrol,110,1.0,0,1600,5,1075,Medium,4.1
393,4450,56.0,129155,Diesel,69,0.0,0,1800,5,1110,Low,4.7
394,9950,50.0,126110,Petrol,110,0.0,0,1600,3,1055,Medium,4.2
395,9000,48.0,119742,,110,1.0,0,1600,5,1080,Medium,4.0
396,9950,53.0,117913,Diesel,69,1.0,0,1900,5,1110,Medium,4.4
397,12450,47.0,117430,Diesel,90,,0,2000,3,1165,High,3.9
398,10500,55.0,??,Petrol,110,1.0,0,1600,4,1035,Medium,4.6
399,10750,54.0,115558,Petrol,110,1.0,0,1600,4,1035,Medium,4.5
400,8950,53.0,115113,Petrol,97,1.0,0,1400,3,1025,Medium,4.4
401,10500,54.0,115046,Diesel,69,1.0,0,1900,5,1140,Medium,4.5
402,5150,56.0,113997,Diesel,72,1.0,0,2000,5,1135,Low,4.7
403,10950,49.0,107859,Petrol,97,0.0,0,1400,5,1060,Medium,4.1
404,9450,,104805,Petrol,97,1.0,0,1400,3,1025,Medium,
405,9950,54.0,103454,Petrol,110,1.0,0,1600,5,1075,Medium,4.5
406,10950,51.0,103018,,69,0.0,0,1900,5,1140,Medium,4.2
407,11900,47.0,102352,,110,1.0,0,1600,5,1080,Medium,3.9
408,9950,50.0,102030,Petrol,97,1.0,0,1400,5,1060,Medium,4.2
409,11950,54.0,101352,Petrol,110,0.0,0,1600,5,1080,Medium,4.5
410,7900,50.0,99865,Petrol,110,1.0,0,1600,4,1035,Low,4.2
411,10950,52.0,99323,Petrol,110,,0,1600,3,1055,Medium,4.3
412,8950,48.0,98100,,69,1.0,0,1900,5,1140,Medium,4.0
413,11950,51.0,98040,Petrol,110,0.0,0,1600,5,1080,Medium,4.2
414,10900,49.0,97600,Petrol,110,1.0,0,1600,3,1045,Medium,4.1
415,9950,55.0,97234,Petrol,110,0.0,0,1600,5,1080,Medium,4.6
416,9950,51.0,96135,Diesel,72,0.0,0,2000,3,1115,Medium,4.2
417,10950,54.0,96100,Petrol,110,1.0,0,1600,5,1080,Medium,4.5
418,8950,55.0,94401,Diesel,72,0.0,0,2000,3,1115,Medium,4.6
419,8950,55.0,94122,Petrol,86,1.0,0,1300,3,1015,Medium,4.6
420,10500,49.0,91340,,110,1.0,0,1600,3,1055,Medium,4.1
421,8950,53.0,90200,Petrol,97,0.0,0,1400,3,1025,Medium,4.4
422,9250,53.0,90097,Diesel,69,1.0,0,1900,5,1140,Medium,4.4
423,11500,48.0,89049,Petrol,97,1.0,0,1400,5,1060,Medium,4.0
424,9750,52.0,89000,Petrol,110,0.0,0,1600,5,1075,Medium,4.3
425,9950,45.0,87274,Petrol,110,1.0,0,1600,3,1040,Medium,3.8
426,11450,49.0,86221,Petrol,110,0.0,0,1600,3,1045,Medium,4.1
427,12500,54.0,84598,Petrol,110,0.0,0,1600,5,1075,High,4.5
428,10500,50.0,83567,Petrol,110,0.0,0,1600,5,1075,Medium,4.2
429,12950,50.0,83106,,110,1.0,0,1600,5,1075,High,4.2
430,12200,50.0,82805,Petrol,110,1.0,0,1600,3,1040,High,4.2
431,10950,50.0,82735,Petrol,97,1.0,0,1400,3,1030,Medium,4.2
432,10950,54.0,81905,Petrol,110,1.0,0,1600,5,1105,Medium,4.5
433,11290,49.0,80320,Petrol,110,1.0,1,1600,3,1070,Medium,4.1
434,10750,49.0,80090,Petrol,97,1.0,0,1400,3,1030,Medium,4.1
435,10895,53.0,79800,Petrol,110,0.0,0,1600,5,1075,Medium,4.4
436,11500,47.0,78785,CNG,110,1.0,0,1600,5,1119,Medium,3.9
437,9750,48.0,78600,Petrol,110,1.0,0,1600,5,1075,Medium,4.0
438,10250,55.0,77780,Petrol,110,,0,1600,3,1040,Medium,4.6
439,12500,49.0,77648,Petrol,110,0.0,0,1600,4,1030,High,4.1
440,11950,54.0,77270,,110,1.0,0,1600,4,1035,Medium,4.5
441,10750,50.0,76167,Petrol,97,1.0,0,1400,5,1060,Medium,4.2
442,11450,46.0,75249,Petrol,110,1.0,0,1600,4,1035,Medium,3.8
443,11950,54.0,75231,Petrol,110,1.0,0,1600,5,1080,Medium,4.5
444,11750,48.0,75045,Petrol,110,1.0,0,1600,3,1055,Medium,4.0
445,10950,50.0,74849,Petrol,110,1.0,1,1600,4,1060,Medium,4.2
446,11950,55.0,74715,Petrol,110,1.0,0,1600,5,1080,Medium,4.6
447,10995,49.0,74656,Diesel,69,0.0,0,1900,3,1105,Medium,4.1
448,11450,56.0,74500,Petrol,97,0.0,0,1400,3,1025,Medium,4.7
449,8900,49.0,74494,Petrol,110,1.0,0,1600,5,1075,Medium,4.1
450,10500,50.0,73634,Petrol,110,0.0,0,1587,5,1075,Medium,4.2
451,11750,47.0,73403,Petrol,110,1.0,0,1600,5,1075,Medium,3.9
452,11450,49.0,73175,Petrol,97,1.0,0,1400,3,1030,Medium,4.1
453,12000,,73000,Petrol,110,0.0,0,1600,3,1055,High,
454,11950,50.0,72242,Petrol,110,,1,1600,3,1070,Medium,4.2
455,9850,53.0,72000,Petrol,97,1.0,0,1400,3,1025,Medium,4.4
456,10950,,71725,Petrol,110,1.0,0,1600,4,1035,Medium,
457,10950,,71276,Petrol,110,0.0,0,1600,5,1080,Medium,
458,8695,,70440,Diesel,69,1.0,0,1900,3,1105,Medium,
459,10990,53.0,70239,Petrol,110,0.0,0,1600,3,1040,Medium,4.4
460,9500,55.0,69813,Petrol,97,1.0,0,1400,3,1025,Medium,4.6
461,11950,49.0,69659,Petrol,86,0.0,0,1300,3,1025,Medium,4.1
462,10750,46.0,69574,Petrol,97,0.0,0,1400,5,1065,Medium,3.8
463,8750,47.0,69000,Diesel,69,1.0,0,1900,5,1140,Medium,3.9
464,8750,49.0,68565,Petrol,110,,0,1600,4,1030,Medium,4.1
465,11450,,68520,Diesel,72,1.0,0,2000,3,1115,Medium,
466,9950,46.0,68414,Petrol,97,0.0,0,1400,3,1025,Medium,3.8
467,11950,56.0,66777,Petrol,110,0.0,0,1600,5,1090,Medium,4.7
468,13950,52.0,66527,Petrol,110,1.0,0,1600,5,1080,High,4.3
469,11250,54.0,66063,Petrol,110,1.0,0,1600,5,1090,Medium,4.5
470,10900,50.0,65471,Petrol,97,1.0,0,1400,5,1060,Medium,4.2
471,9750,56.0,65400,Petrol,97,1.0,0,1400,3,1025,Medium,4.7
472,9950,52.0,65170,Petrol,97,1.0,0,1400,3,1025,Medium,4.3
473,11950,56.0,65000,Petrol,110,1.0,0,1600,5,1075,Medium,4.7
474,10450,48.0,64193,Petrol,110,,0,1600,3,1040,Medium,4.0
475,8950,54.0,64000,Petrol,97,1.0,0,1400,3,1025,Medium,4.5
476,10250,54.0,63792,Petrol,110,1.0,0,1600,5,1075,Medium,4.5
477,9930,53.0,63635,Petrol,110,1.0,0,1600,4,1035,Medium,4.4
478,10500,54.0,63135,Petrol,110,1.0,0,1600,3,1050,Medium,4.5
479,11950,54.0,63123,Petrol,110,1.0,0,1600,4,1035,Medium,4.5
480,11500,,63000,Diesel,69,1.0,0,1900,5,1140,Medium,
481,11500,,63000,Petrol,110,0.0,0,1600,4,1035,Medium,
482,11450,54.0,62987,Petrol,110,0.0,0,1600,5,1080,Medium,4.5
483,9900,56.0,62751,Petrol,110,0.0,0,1600,3,1050,Medium,4.7
484,9500,54.0,62519,Petrol,97,0.0,0,1400,3,1025,Medium,4.5
485,10500,50.0,62280,Petrol,97,,0,1400,5,1060,Medium,4.2
486,10750,50.0,61672,Petrol,110,,0,1600,5,1075,Medium,4.2
487,8950,54.0,61000,Diesel,69,0.0,0,2000,5,1140,Medium,4.5
488,12000,56.0,61000,Petrol,110,1.0,0,1600,3,1050,High,4.7
489,9940,53.0,60558,Petrol,110,1.0,0,1600,4,1105,Medium,4.4
490,10950,47.0,60348,Petrol,110,0.0,0,1600,4,1030,Medium,3.9
491,10750,54.0,??,Petrol,110,1.0,0,1600,5,1075,Medium,4.5
492,9799,51.0,59000,Petrol,97,1.0,0,1400,3,1025,Medium,4.2
493,11750,51.0,58761,Petrol,97,0.0,0,1300,5,1060,Medium,4.2
494,11950,54.0,58745,,110,1.0,0,1600,4,1035,Medium,4.5
495,11250,52.0,58596,Petrol,110,1.0,0,1600,3,1045,Medium,4.3
496,11750,54.0,58530,Petrol,110,0.0,0,1600,5,1075,Medium,4.5
497,10950,55.0,58377,Petrol,110,1.0,0,1600,3,1050,Medium,4.6
498,11250,56.0,58142,Petrol,110,1.0,0,1600,5,1080,Medium,4.7
499,9950,53.0,57948,Petrol,97,1.0,0,1400,3,1025,Medium,4.4
500,9700,51.0,57645,Petrol,110,0.0,0,1600,5,1080,Medium,4.2
501,11950,47.0,57500,Petrol,110,1.0,0,1600,4,1105,Medium,3.9
502,9900,53.0,57475,Petrol,110,0.0,0,1600,3,1040,Medium,4.4
503,9990,,56743,Petrol,110,0.0,0,1600,3,1045,Medium,
504,9475,48.0,56675,Petrol,97,1.0,0,1400,3,1025,Medium,4.0
505,11500,54.0,55877,Petrol,110,1.0,0,1600,5,1075,Medium,4.5
506,11950,53.0,55500,Petrol,110,1.0,0,1600,4,1035,Medium,4.4
507,11500,55.0,54900,Petrol,97,1.0,0,1400,5,1060,Medium,4.6
508,10500,50.0,54465,Petrol,110,0.0,0,1600,5,1075,Medium,4.2
509,10900,46.0,53700,Petrol,97,1.0,0,1400,5,1060,Medium,3.8
510,11700,52.0,53561,Petrol,97,1.0,0,1400,5,1060,Medium,4.3
511,11900,51.0,53408,Petrol,110,1.0,0,1600,5,1080,Medium,4.2
512,13950,51.0,53268,Petrol,110,,0,1600,5,1080,High,4.2
513,10950,49.0,53116,Petrol,97,1.0,0,1400,3,1025,Medium,4.1
514,10500,56.0,52448,Petrol,97,0.0,0,1400,3,1025,Medium,4.7
515,10750,55.0,52149,Petrol,97,1.0,0,1400,3,1085,Medium,4.6
516,11950,55.0,52141,Petrol,110,1.0,0,1600,5,1070,Medium,4.6
517,10000,56.0,52000,Petrol,97,0.0,0,1400,3,1025,Medium,4.7
518,10495,48.0,50967,Petrol,97,1.0,0,1400,5,1060,Medium,4.0
519,11450,50.0,50400,Petrol,110,0.0,0,1600,5,1080,Medium,4.2
520,9400,54.0,50000,Petrol,97,1.0,0,1400,3,1025,Medium,4.5
521,11950,51.0,50000,Petrol,86,1.0,0,1300,5,1045,Medium,4.2
522,9650,53.0,49969,Petrol,110,0.0,0,1600,5,1075,Medium,4.4
523,18950,49.0,49568,Petrol,110,1.0,0,1600,3,1105,High,4.1
524,11450,51.0,49473,Petrol,110,0.0,0,1600,3,1055,Medium,4.2
525,10250,52.0,49432,Petrol,110,1.0,0,1600,3,1050,Medium,4.3
526,11450,,49417,Petrol,110,1.0,0,1600,3,1045,Medium,
527,9950,54.0,49366,Petrol,97,1.0,0,1400,3,1025,Medium,4.5
528,10500,56.0,48731,Petrol,110,1.0,0,1600,3,1055,Medium,4.7
529,13750,,48370,Petrol,110,1.0,0,1600,5,1080,High,
530,9950,48.0,48071,Petrol,97,0.0,0,1400,3,1025,Medium,4.0
531,10250,54.0,47852,,110,1.0,0,1600,4,1030,Medium,4.5
532,10850,54.0,47768,Petrol,110,,0,1600,3,1055,Medium,4.5
533,11895,52.0,47689,Petrol,110,0.0,0,1600,5,1075,Medium,4.3
534,12950,53.0,47451,Petrol,110,1.0,0,1600,3,1055,High,4.4
535,11950,50.0,47219,Petrol,110,1.0,0,1600,5,1080,Medium,4.2
536,10750,56.0,47211,Petrol,110,1.0,0,1600,5,1070,Medium,4.7
537,9550,54.0,46856,Petrol,97,0.0,0,1400,5,1060,Medium,4.5
538,10950,56.0,46500,Petrol,86,0.0,0,1300,5,1035,Medium,4.7
539,11750,,46449,Petrol,110,1.0,0,1600,4,1035,Medium,
540,10950,47.0,46391,Petrol,110,0.0,0,1600,5,1075,Medium,3.9
541,12450,54.0,46230,Petrol,110,1.0,0,1600,3,1055,High,4.5
542,10500,52.0,46029,Petrol,110,1.0,0,1600,4,1030,Medium,4.3
543,10900,50.0,46000,Petrol,97,0.0,0,1400,3,1025,Medium,4.2
544,12950,50.0,45900,Petrol,110,1.0,0,1600,5,1075,High,4.2
545,10950,47.0,45850,Petrol,97,0.0,0,1400,5,1060,Medium,3.9
546,12500,56.0,45336,Petrol,110,1.0,0,1600,5,1080,High,4.7
547,9950,55.0,44537,,97,0.0,0,1400,3,1025,Medium,4.6
548,10750,56.0,43700,,86,,0,1300,3,1025,Medium,4.7
549,12500,48.0,43120,Petrol,97,1.0,0,1400,3,1030,High,4.0
550,10450,49.0,41710,Petrol,110,0.0,0,1600,3,1040,Medium,4.1
551,10750,52.0,41700,Petrol,97,1.0,0,1400,3,1025,Medium,4.3
552,12950,49.0,41636,Petrol,110,1.0,0,1600,5,1105,High,4.1
553,10995,,41273,Petrol,97,0.0,0,1400,5,1060,Medium,
554,11950,49.0,40836,Petrol,110,,1,1600,3,1075,Medium,4.1
555,11250,50.0,40400,Petrol,97,1.0,0,1400,5,1060,Medium,4.2
556,11950,47.0,40361,Petrol,110,1.0,0,1600,5,1090,Medium,3.9
557,13750,54.0,40325,,86,0.0,0,1300,5,1045,High,4.5
558,11000,47.0,40000,Petrol,110,0.0,0,1600,5,1080,Medium,3.9
559,13500,50.0,39706,Petrol,110,1.0,0,1600,5,1080,High,4.2
560,10950,54.0,39291,Petrol,110,1.0,0,1600,3,1040,Medium,4.5
561,10750,54.0,39000,Petrol,97,0.0,0,1400,3,1025,Medium,4.5
562,8950,47.0,38900,Petrol,97,1.0,0,1400,3,1025,Medium,3.9
563,12950,51.0,38403,Petrol,110,0.0,0,1600,3,1055,High,4.2
564,9750,56.0,37461,Petrol,97,0.0,0,1400,3,1025,Medium,4.7
565,10900,54.0,37000,,97,1.0,0,1400,3,1025,Medium,4.5
566,10995,55.0,36406,Petrol,110,1.0,0,1600,4,1035,Medium,4.6
567,10750,48.0,36005,Petrol,97,1.0,0,1400,5,1065,Medium,4.0
568,10950,52.0,36000,Petrol,110,1.0,0,1600,5,1075,Medium,4.3
569,13000,,36000,Petrol,110,0.0,0,1600,5,1080,High,
570,12950,45.0,36000,Petrol,110,1.0,1,1600,3,1070,High,3.8
571,11500,52.0,35823,Petrol,110,0.0,0,1600,5,1075,Medium,4.3
572,10950,,35230,Petrol,97,0.0,0,1400,3,1025,Medium,
573,11710,48.0,35142,Petrol,110,0.0,0,1600,3,1055,Medium,4.0
574,9980,49.0,34890,Petrol,97,,0,1400,3,1025,Medium,4.1
575,12250,51.0,34882,Petrol,110,1.0,0,1600,5,1075,High,4.2
576,11500,46.0,34000,Petrol,110,1.0,0,1600,5,1075,Medium,3.8
577,11950,56.0,33998,Petrol,110,0.0,0,1600,5,1080,Medium,4.7
578,11500,55.0,33230,Petrol,110,0.0,0,1600,3,1050,Medium,4.6
579,11900,46.0,33021,,110,1.0,0,1600,5,1080,Medium,3.8
580,11930,49.0,31999,Petrol,97,0.0,0,1400,3,1030,Medium,4.1
581,10500,,31579,Petrol,97,0.0,0,1400,3,1025,Medium,
582,8950,56.0,31000,Petrol,97,0.0,0,1400,3,1025,Medium,4.7
583,10450,46.0,30806,Petrol,97,1.0,0,1400,5,1060,Medium,3.8
584,10500,55.0,30461,Petrol,86,1.0,0,1300,5,1050,Medium,4.6
585,12950,50.0,29686,Petrol,110,1.0,1,1600,3,1075,High,4.2
586,9950,,29650,Petrol,86,,0,1300,3,1025,Medium,
587,12900,52.0,29500,Petrol,110,1.0,0,1600,3,1055,High,4.3
588,9950,48.0,28656,Petrol,97,0.0,0,1400,3,1085,Medium,4.0
589,9950,55.0,27500,Petrol,97,1.0,0,1400,3,1025,Medium,4.6
590,10950,48.0,26938,Petrol,110,1.0,0,1600,3,1040,Medium,4.0
591,10950,53.0,26624,Petrol,97,0.0,0,1400,5,1060,Medium,4.4
592,9950,47.0,26221,Petrol,97,1.0,0,1400,3,1025,Medium,3.9
593,10950,50.0,22648,Petrol,97,1.0,0,1400,5,1060,Medium,4.2
594,10800,50.0,22500,Petrol,97,,0,1400,3,1025,Medium,4.2
595,10500,56.0,19313,Petrol,97,0.0,0,1400,3,1025,Medium,4.7
596,10450,50.0,17619,,110,,0,1600,4,1030,Medium,4.2
597,10600,51.0,17069,Petrol,97,,0,1400,3,1025,Medium,4.2
598,10450,48.0,15000,Petrol,97,1.0,0,1400,3,1025,Medium,4.0
599,12950,50.0,10210,Petrol,97,0.0,0,1400,5,1065,High,4.2
600,11250,47.0,5309,Petrol,110,,1,1600,3,1070,Medium,3.9
601,7500,50.0,1,Diesel,90,1.0,0,2000,3,1260,Low,4.2
602,8950,52.0,31000,,97,,0,1398,3,1025,Medium,4.3
603,6950,58.0,205000,Diesel,72,1.0,0,2000,4,1100,Low,4.8
604,7900,68.0,204250,Diesel,72,,0,2000,3,1115,Low,5.7
605,5950,68.0,194545,Petrol,86,0.0,0,1300,4,1000,Low,5.7
606,7500,59.0,190900,Diesel,72,1.0,0,2000,3,1115,Low,4.9
607,7500,62.0,183500,Diesel,72,1.0,0,2000,5,1140,Low,5.2
608,6900,65.0,176184,Diesel,72,1.0,0,2000,3,1115,Low,5.4
609,5751,67.0,174833,Diesel,72,0.0,0,2000,4,1100,Low,5.6
610,6950,68.0,155720,Petrol,86,,0,1300,3,1015,Low,5.7
611,7950,67.0,155500,,110,1.0,0,1600,5,1050,Low,5.6
612,7750,59.0,154783,Diesel,72,1.0,0,2000,3,1120,Low,4.9
613,7950,64.0,154462,Diesel,72,1.0,0,2000,5,1135,Low,5.3
614,8250,64.0,150585,Petrol,110,1.0,0,1600,3,1065,Low,5.3
615,6250,67.0,149000,Diesel,90,1.0,0,2000,5,1135,Low,5.6
616,9500,62.0,147636,,72,,0,2000,5,1135,Medium,5.2
617,6900,59.0,144521,Diesel,72,1.0,0,2000,5,1135,Low,4.9
618,8450,64.0,144000,,110,1.0,0,1600,3,1065,Low,5.3
619,7350,65.0,140168,Diesel,72,1.0,0,2000,3,1115,Low,5.4
620,8950,68.0,140000,Petrol,110,1.0,0,1600,5,1085,Medium,5.7
621,6900,60.0,139800,Diesel,72,0.0,0,2000,3,1115,Low,5.0
622,8950,59.0,137050,CNG,110,1.0,0,1600,3,1078,Medium,4.9
623,8750,61.0,136956,Petrol,110,0.0,0,1600,3,1065,Medium,5.1
624,7950,67.0,135337,CNG,110,1.0,0,1600,5,1120,Low,5.6
625,8950,64.0,133769,Diesel,72,1.0,0,2000,3,1120,Medium,5.3
626,8950,58.0,133405,Diesel,72,1.0,0,2000,5,1135,Medium,4.8
627,8950,65.0,132807,Diesel,72,1.0,0,2000,5,1135,Medium,5.4
628,7950,64.0,132393,Diesel,72,0.0,0,2000,5,1135,Low,5.3
629,7750,60.0,130270,Petrol,110,0.0,0,1600,3,1050,Low,5.0
630,7500,59.0,130000,Diesel,72,1.0,0,2000,4,1135,Low,4.9
631,8950,67.0,127000,Diesel,????,1.0,0,2000,5,1135,Medium,5.6
632,9800,67.0,126800,Diesel,72,0.0,0,2000,5,1135,Medium,5.6
633,9450,66.0,126452,Petrol,110,1.0,0,1600,5,1085,Medium,5.5
634,8950,62.0,125175,Diesel,116,0.0,0,2000,5,1150,Medium,5.2
635,8750,68.0,125000,Diesel,72,1.0,0,2000,3,1115,Medium,5.7
636,10500,61.0,123000,Diesel,72,0.0,0,2000,5,1135,Medium,5.1
637,7995,59.0,121626,Petrol,86,0.0,0,1300,5,1050,Low,4.9
638,10450,64.0,120400,,????,0.0,0,1600,5,1090,Medium,5.3
639,9950,66.0,120000,Diesel,72,0.0,0,2000,4,1100,Medium,5.5
640,9950,68.0,119541,Petrol,110,0.0,0,1600,3,1055,Medium,5.7
641,8950,68.0,119500,Petrol,110,,0,1600,5,1070,Medium,5.7
642,7950,68.0,119289,Petrol,110,1.0,0,1600,4,1035,Low,5.7
643,10950,57.0,118833,Petrol,110,0.0,0,1600,3,1065,Medium,4.8
644,9950,64.0,118000,Diesel,72,1.0,0,2000,5,1150,Medium,5.3
645,8600,68.0,117955,Petrol,110,1.0,1,1600,4,1065,Medium,5.7
646,7250,65.0,117609,Petrol,86,0.0,0,1300,3,1015,Low,5.4
647,6950,68.0,117000,Diesel,72,0.0,0,2000,3,1115,Low,5.7
648,8000,64.0,116000,Petrol,86,0.0,0,1300,5,1045,Low,5.3
649,9950,58.0,115715,Petrol,110,0.0,0,1600,5,1070,Medium,4.8
650,9450,60.0,115191,CNG,110,,0,1600,4,1079,Medium,5.0
651,7950,68.0,115071,Petrol,110,1.0,0,1600,3,1055,Low,5.7
652,9450,63.0,115000,CNG,110,0.0,0,1600,3,1109,Medium,5.2
653,9950,64.0,114846,,110,1.0,0,1600,5,1075,Medium,5.3
654,6950,65.0,114383,Diesel,90,0.0,0,2000,3,1260,Low,5.4
655,8250,59.0,113700,Petrol,110,1.0,0,1600,5,1065,Low,4.9
656,9950,67.0,113118,Petrol,86,1.0,0,1300,3,1020,Medium,5.6
657,8250,59.0,112827,Petrol,86,1.0,0,1300,5,1040,Low,4.9
658,9950,68.0,112116,Petrol,110,1.0,0,1600,5,1070,Medium,5.7
659,10500,66.0,112000,Petrol,110,1.0,0,1600,3,1065,Medium,5.5
660,7950,62.0,112000,Diesel,72,0.0,0,2000,4,1135,Low,5.2
661,9750,65.0,111769,Petrol,110,0.0,0,1600,3,1065,Medium,5.4
662,9250,61.0,110853,Petrol,110,1.0,0,1600,5,1070,Medium,5.1
663,9500,68.0,110287,Petrol,110,1.0,0,1600,3,1050,Medium,5.7
664,9950,62.0,109547,Petrol,110,,0,1600,5,1075,Medium,5.2
665,7750,63.0,109230,Petrol,110,0.0,0,1600,3,1050,Low,5.2
666,9500,68.0,109150,Petrol,110,0.0,0,1600,5,1075,Medium,5.7
667,9950,67.0,108793,Petrol,110,1.0,0,1600,4,1035,Medium,5.6
668,9750,64.0,106784,Petrol,110,0.0,1,1600,3,1050,Medium,5.3
669,9750,58.0,105942,Petrol,86,0.0,0,1300,5,1040,Medium,4.8
670,5950,59.0,105000,Petrol,86,1.0,0,1300,3,1015,Low,4.9
671,8500,,105000,Petrol,86,0.0,0,1300,5,1040,Medium,
672,8495,68.0,104299,Petrol,110,1.0,0,1600,5,1085,Medium,5.7
673,9250,67.0,104000,Petrol,86,0.0,0,1300,3,1020,Medium,5.6
674,6900,,104000,Petrol,86,1.0,0,1300,3,1015,Low,
675,8950,58.0,103458,Petrol,86,1.0,0,1300,3,1025,Medium,4.8
676,9500,,103400,Petrol,110,1.0,0,1600,5,1075,Medium,
677,9250,63.0,102807,Petrol,86,0.0,0,1300,5,1055,Medium,5.2
678,9895,68.0,102494,Petrol,110,0.0,0,1600,5,1090,Medium,5.7
679,9950,57.0,102300,Diesel,72,1.0,0,2000,5,1135,Medium,4.8
680,7950,61.0,102106,Petrol,110,0.0,0,1600,3,1050,Low,5.1
681,8750,68.0,101889,Petrol,110,1.0,0,1600,5,1075,Medium,5.7
682,8250,57.0,101791,Diesel,72,0.0,0,2000,3,1115,Low,4.8
683,8950,63.0,101469,Petrol,110,1.0,0,1600,3,1065,Medium,5.2
684,8950,68.0,101001,Petrol,110,0.0,0,1600,5,1075,Medium,5.7
685,8950,61.0,100748,Petrol,110,,0,1600,5,1070,Medium,5.1
686,8950,65.0,100550,Petrol,110,1.0,0,1600,5,1075,Medium,5.4
687,9450,67.0,99781,Petrol,110,1.0,0,1600,5,1085,Medium,5.6
688,8950,59.0,98658,Petrol,86,1.0,0,1300,3,1020,Medium,4.9
689,9250,65.0,98500,Petrol,110,,0,1600,5,1075,Medium,5.4
690,8750,64.0,98291,Petrol,86,0.0,0,1300,4,1000,Medium,5.3
691,9950,61.0,97648,Petrol,110,1.0,0,1600,3,1065,Medium,5.1
692,9950,,97425,Petrol,110,1.0,0,1600,5,1075,Medium,
693,9900,65.0,97173,Petrol,86,0.0,0,1300,3,1015,Medium,5.4
694,8950,66.0,97046,Petrol,86,1.0,0,1300,4,1000,Medium,5.5
695,8950,67.0,96000,Petrol,110,1.0,0,1600,3,1050,Medium,5.6
696,12250,,96000,,72,,0,2000,4,1100,High,
697,9250,67.0,95750,Petrol,110,1.0,0,1600,5,1070,Medium,5.6
698,10250,61.0,95147,,110,1.0,0,1600,3,1050,Medium,5.1
699,8950,,95000,,110,0.0,0,1600,3,1050,Medium,
700,7999,65.0,95000,Petrol,110,1.0,0,1600,3,1050,Low,5.4
701,9900,66.0,94606,Petrol,110,0.0,0,1600,3,1065,Medium,5.5
702,8250,63.0,94504,,86,1.0,0,1300,4,1000,Low,5.2
703,10500,65.0,93428,Petrol,110,1.0,0,1600,5,1075,Medium,5.4
704,8450,65.0,93408,,86,0.0,0,1300,3,1015,Low,5.4
705,9900,68.0,93296,Petrol,110,1.0,0,1600,5,1090,Medium,5.7
706,10500,62.0,93098,Petrol,110,1.0,0,1600,5,1075,Medium,5.2
707,8500,67.0,92922,Diesel,72,1.0,0,2000,4,1100,Medium,5.6
708,9500,61.0,92498,Petrol,110,,0,1600,3,1050,Medium,5.1
709,9450,65.0,92226,Petrol,110,0.0,0,1600,3,1065,Medium,5.4
710,9900,,91505,Diesel,72,0.0,0,2000,3,1115,Medium,
711,8250,,91333,Petrol,110,1.0,0,1600,3,1050,Low,
712,8750,,91246,Petrol,86,1.0,0,1300,3,1015,Medium,
713,9500,58.0,91000,Petrol,110,,0,1600,5,1075,Medium,4.8
714,8450,68.0,90727,Petrol,110,0.0,0,1600,3,1050,Low,5.7
715,8490,62.0,90000,Petrol,110,0.0,0,1600,3,1050,Medium,5.2
716,8750,60.0,89576,Petrol,110,0.0,0,1600,4,1035,Medium,5.0
717,9750,64.0,89145,Petrol,86,1.0,0,1300,3,1025,Medium,5.3
718,9950,63.0,89000,Petrol,110,1.0,0,1600,5,1085,Medium,5.2
719,8500,68.0,88807,Petrol,110,0.0,0,1600,3,1050,Medium,5.7
720,8450,63.0,88685,Petrol,110,0.0,0,1600,5,1070,Low,5.2
721,7900,62.0,88667,Petrol,110,1.0,0,1600,4,1040,Low,5.2
722,8750,57.0,88480,Petrol,110,1.0,0,1600,3,1050,Medium,4.8
723,7950,61.0,88127,Petrol,86,0.0,0,1300,3,1015,Low,5.1
724,6900,62.0,88000,,86,0.0,0,1300,3,1020,Low,5.2
725,8150,65.0,87821,Petrol,86,1.0,0,1300,3,1015,Low,5.4
726,10995,59.0,87654,Petrol,86,1.0,1,1300,5,1065,Medium,4.9
727,8900,59.0,86888,Petrol,110,,0,1600,3,1050,Medium,4.9
728,9500,59.0,86871,Petrol,86,1.0,0,1300,5,1040,Medium,4.9
729,8950,68.0,86714,Petrol,110,1.0,0,1600,4,1035,Medium,5.7
730,11500,65.0,85889,Petrol,110,,0,1600,3,1065,Medium,5.4
731,10450,62.0,85000,Petrol,110,1.0,0,1600,3,1050,Medium,5.2
732,10500,60.0,85000,Petrol,86,1.0,0,1300,3,1025,Medium,5.0
733,9250,68.0,84976,Petrol,110,1.0,0,1600,4,1035,Medium,5.7
734,10950,65.0,84558,Petrol,110,1.0,0,1600,5,1120,Medium,5.4
735,10450,62.0,84549,Petrol,110,,0,1600,5,1075,Medium,5.2
736,9250,68.0,84482,Petrol,110,1.0,0,1600,5,1075,Medium,5.7
737,8750,62.0,83908,Petrol,110,1.0,0,1600,5,1070,Medium,5.2
738,8750,67.0,83560,Petrol,86,0.0,0,1300,3,1015,Medium,5.6
739,9800,68.0,83000,Petrol,107,1.0,1,1600,5,1100,Medium,5.7
740,8250,64.0,82723,Petrol,86,0.0,0,1300,3,1015,Low,5.3
741,10450,62.0,82421,Petrol,110,1.0,0,1600,3,1065,Medium,5.2
742,9750,58.0,82254,Petrol,110,0.0,0,1600,5,1050,Medium,4.8
743,8950,61.0,82115,Petrol,110,1.0,0,1600,3,1055,Medium,5.1
744,7450,65.0,82000,Petrol,86,,0,1300,3,1015,Low,5.4
745,8450,68.0,81965,Petrol,86,,0,1300,5,1035,Low,5.7
746,8250,,81250,Petrol,110,0.0,0,1600,3,1050,Low,
747,10950,65.0,81192,Petrol,110,1.0,0,1600,3,1065,Medium,5.4
748,8950,61.0,81170,Petrol,110,1.0,0,1600,4,1040,Medium,5.1
749,8750,66.0,81083,Petrol,86,0.0,0,1300,3,1015,Medium,5.5
750,10450,61.0,80714,Petrol,110,1.0,0,1600,5,1075,Medium,5.1
751,10950,57.0,80470,,110,0.0,0,1600,5,1085,Medium,4.8
752,8450,65.0,80439,Petrol,110,1.0,0,1600,4,1035,Low,5.4
753,9950,59.0,80430,Petrol,110,1.0,0,1600,3,1065,Medium,4.9
754,9950,,80426,Petrol,110,1.0,0,1600,3,1055,Medium,
755,8750,62.0,80265,,86,0.0,0,1300,3,1015,Medium,5.2
756,9950,65.0,80153,Petrol,110,0.0,0,1600,5,1070,Medium,5.4
757,9500,68.0,80121,Petrol,110,0.0,0,1600,5,1070,Medium,5.7
758,8250,65.0,80086,Petrol,110,1.0,0,1600,4,1035,Low,5.4
759,10950,62.0,80000,Petrol,110,,0,1600,5,1075,Medium,5.2
760,7950,60.0,80000,,86,0.0,0,1300,5,1015,Low,5.0
761,8250,65.0,80000,Petrol,86,1.0,0,1300,2,1015,Low,5.4
762,9895,67.0,79858,Petrol,110,1.0,0,1600,4,1040,Medium,5.6
763,9130,67.0,79762,Petrol,86,1.0,0,1300,3,1015,Medium,5.6
764,10950,59.0,79660,Petrol,86,0.0,1,1300,5,1065,Medium,4.9
765,10500,60.0,79150,Petrol,110,1.0,0,1600,5,1075,Medium,5.0
766,8900,61.0,79000,Petrol,110,1.0,0,1600,3,1050,Medium,5.1
767,9500,57.0,78955,Petrol,86,1.0,0,1300,5,1045,Medium,4.8
768,10950,59.0,78750,Diesel,90,1.0,0,1975,5,1155,Medium,4.9
769,7950,68.0,78521,Petrol,86,0.0,0,1300,3,1015,Low,5.7
770,7950,64.0,78356,Petrol,86,1.0,0,1300,3,1015,Low,5.3
771,7950,65.0,78076,Petrol,86,1.0,0,1300,3,1015,Low,5.4
772,9500,,78063,Petrol,107,,1,1600,5,1100,Medium,
773,10950,,77821,Petrol,110,1.0,0,1600,5,1075,Medium,
774,9750,68.0,77695,Petrol,110,,0,1600,4,1035,Medium,5.7
775,9750,65.0,77500,Petrol,110,1.0,0,1600,3,1050,Medium,5.4
776,9450,63.0,77457,Petrol,110,1.0,0,1600,3,1055,Medium,5.2
777,8950,68.0,77029,Petrol,86,1.0,0,1300,3,1015,Medium,5.7
778,8950,68.0,77008,Petrol,86,1.0,0,1300,3,1015,Medium,5.7
779,8900,66.0,76791,Petrol,110,1.0,0,1600,5,1070,Medium,5.5
780,9950,61.0,76700,Petrol,86,1.0,0,1300,5,1035,Medium,5.1
781,8750,67.0,76569,Petrol,86,1.0,0,1300,3,1020,Medium,5.6
782,8950,59.0,76162,Petrol,110,1.0,0,1600,5,1075,Medium,4.9
783,8990,65.0,76155,Petrol,110,1.0,0,1600,4,1035,Medium,5.4
784,8950,61.0,75609,Petrol,86,1.0,0,1300,3,1015,Medium,5.1
785,8950,62.0,75569,Diesel,72,1.0,0,2000,3,1120,Medium,5.2
786,9950,,75429,Petrol,110,1.0,0,1600,3,1065,Medium,
787,9900,68.0,75000,Petrol,110,1.0,0,1600,5,1075,Medium,5.7
788,8950,65.0,75000,Petrol,86,0.0,0,1300,3,1015,Medium,5.4
789,8950,62.0,75000,Petrol,110,1.0,0,1600,5,1070,Medium,5.2
790,9500,66.0,74963,Petrol,107,0.0,1,1600,3,1085,Medium,5.5
791,7950,68.0,74889,Petrol,86,1.0,0,1300,3,1015,Low,5.7
792,7750,,74875,Petrol,110,0.0,0,1600,5,1070,Low,
793,8950,63.0,74747,,110,1.0,0,1600,5,1075,Medium,5.2
794,11950,60.0,74720,Petrol,110,,0,1600,5,1085,Medium,5.0
795,8950,62.0,74457,Petrol,110,0.0,0,1600,5,1075,Medium,5.2
796,11950,60.0,74337,Petrol,86,0.0,0,1300,5,1035,Medium,5.0
797,8950,68.0,74308,Petrol,110,0.0,0,1600,3,1050,Medium,5.7
798,9950,64.0,74193,Petrol,110,,0,1600,3,1050,Medium,5.3
799,8250,65.0,74179,Petrol,110,1.0,0,1600,3,1050,Low,5.4
800,8995,67.0,73936,Petrol,86,1.0,0,1300,5,1050,Medium,5.6
801,9995,61.0,73894,Petrol,110,1.0,0,1600,3,1065,Medium,5.1
802,9250,64.0,73500,Petrol,110,1.0,0,1600,3,1050,Medium,5.3
803,10950,64.0,73376,Petrol,110,0.0,0,1600,5,1070,Medium,5.3
804,8900,,73300,Petrol,86,1.0,0,1300,3,1015,Medium,
805,9500,,73172,Petrol,110,1.0,0,1600,5,1075,Medium,
806,9950,58.0,72928,Petrol,110,1.0,0,1600,5,1075,Medium,4.8
807,7950,67.0,72880,Petrol,86,1.0,0,1332,3,1015,Low,5.6
808,8250,63.0,72522,Petrol,110,1.0,0,1600,3,1050,Low,5.2
809,9450,64.0,72000,Petrol,86,1.0,0,1300,3,1015,Medium,5.3
810,7950,57.0,72000,Petrol,86,0.0,0,1300,3,1015,Low,4.8
811,9500,59.0,71366,Petrol,110,0.0,0,1600,3,1065,Medium,4.9
812,8950,65.0,71317,Petrol,110,,0,1600,3,1050,Medium,5.4
813,10950,62.0,71000,Petrol,110,0.0,0,1600,5,1070,Medium,5.2
814,8950,60.0,70954,Petrol,110,0.0,0,1600,3,1050,Medium,5.0
815,9450,63.0,70908,Petrol,86,0.0,0,1300,5,1035,Medium,5.2
816,8000,58.0,70560,Petrol,110,1.0,0,1600,3,1050,Low,4.8
817,9900,67.0,70552,Petrol,110,0.0,0,1600,5,1075,Medium,5.6
818,8950,62.0,70500,Petrol,110,1.0,0,1600,5,1035,Medium,5.2
819,10900,60.0,70453,Diesel,72,0.0,0,2000,5,1135,Medium,5.0
820,9450,59.0,70218,Petrol,110,1.0,0,1600,3,1050,Medium,4.9
821,8450,64.0,70116,Petrol,110,1.0,0,1600,4,1035,Low,5.3
822,9500,65.0,70068,Petrol,110,1.0,0,1600,5,1075,Medium,5.4
823,10500,67.0,70000,Petrol,107,1.0,1,1587,3,1065,Medium,5.6
824,6950,68.0,70000,Petrol,86,1.0,0,1300,3,1015,Low,5.7
825,9750,68.0,69103,Petrol,110,0.0,0,1600,4,1035,Medium,5.7
826,6950,58.0,69022,Petrol,86,1.0,0,1300,5,1035,Low,4.8
827,9650,67.0,69000,Petrol,110,1.0,0,1600,3,1065,Medium,5.6
828,9950,68.0,68865,Petrol,110,1.0,0,1600,3,1065,Medium,5.7
829,9250,58.0,68723,Petrol,86,0.0,0,1300,3,1025,Medium,4.8
830,8950,63.0,68453,,110,1.0,0,1600,5,1070,Medium,5.2
831,9900,63.0,68238,Petrol,86,0.0,0,1300,5,1050,Medium,5.2
832,10995,63.0,68153,Petrol,110,1.0,0,1600,5,1085,Medium,5.2
833,10500,65.0,68000,Petrol,110,0.0,0,1600,5,1075,Medium,5.4
834,8950,65.0,68000,Petrol,86,1.0,0,1300,3,1015,Medium,5.4
835,9750,67.0,67762,,110,,0,1600,3,1065,Medium,5.6
836,10950,68.0,67146,Petrol,110,1.0,0,1600,5,1075,Medium,5.7
837,9750,67.0,67110,Petrol,86,1.0,0,1300,5,1035,Medium,5.6
838,9950,59.0,67010,,110,1.0,0,1600,3,1065,Medium,4.9
839,10500,65.0,67003,Petrol,110,1.0,0,1600,4,1035,Medium,5.4
840,10400,68.0,66785,Petrol,86,0.0,1,1300,3,1045,Medium,5.7
841,8800,68.0,66550,Petrol,86,0.0,0,1332,3,1010,Medium,5.7
842,10500,61.0,66259,Petrol,110,1.0,0,1600,3,1065,Medium,5.1
843,9250,62.0,66082,Petrol,110,,0,1600,5,1070,Medium,5.2
844,7800,65.0,66000,Petrol,86,1.0,0,1300,3,1015,Low,5.4
845,9950,61.0,66000,Petrol,110,0.0,0,1600,3,1050,Medium,5.1
846,10750,63.0,65896,Petrol,110,1.0,0,1600,3,1065,Medium,5.2
847,10950,67.0,65785,Petrol,110,,0,1600,5,1075,Medium,5.6
848,9950,65.0,65513,Petrol,110,,1,1600,4,1070,Medium,5.4
849,9950,59.0,65463,,110,1.0,0,1600,5,1070,Medium,4.9
850,8100,,65400,Petrol,86,1.0,0,1300,4,1000,Low,
851,9250,60.0,65259,Petrol,110,1.0,0,1600,3,1050,Medium,5.0
852,7800,64.0,65000,Petrol,110,1.0,0,1600,3,1050,Low,5.3
853,9000,68.0,65000,Petrol,110,0.0,0,1600,5,1070,Medium,5.7
854,8950,57.0,65000,,110,0.0,0,1600,4,1035,Medium,4.8
855,8950,62.0,64966,Petrol,86,,0,1300,3,1020,Medium,5.2
856,9950,68.0,64950,Petrol,110,1.0,0,1600,5,1075,Medium,5.7
857,8500,60.0,64914,,110,,0,1600,5,1070,Medium,5.0
858,7995,62.0,64797,Petrol,110,1.0,0,1600,5,1075,Low,5.2
859,8750,65.0,64772,Petrol,110,1.0,0,1600,3,1050,Medium,5.4
860,9750,63.0,64690,Petrol,86,0.0,0,1300,3,1020,Medium,5.2
861,10950,65.0,64630,Petrol,110,0.0,0,1600,5,1070,Medium,5.4
862,9750,67.0,64613,Petrol,110,1.0,0,1600,5,1085,Medium,5.6
863,8200,60.0,64383,Petrol,86,,0,1300,3,1015,Low,5.0
864,8950,68.0,64000,Petrol,110,,0,1600,5,1075,Medium,5.7
865,9500,66.0,63881,Petrol,86,0.0,0,1300,3,1015,Medium,5.5
866,10950,58.0,63870,Diesel,72,0.0,0,2000,5,1135,Medium,4.8
867,9750,66.0,63328,Petrol,86,0.0,1,1300,5,1065,Medium,5.5
868,9950,65.0,63000,Petrol,86,1.0,1,1300,5,1065,Medium,5.4
869,10450,,63000,Petrol,86,0.0,1,1300,3,1050,Medium,
870,9850,65.0,62396,Petrol,110,0.0,0,1600,3,1050,Medium,5.4
871,9450,62.0,62377,Petrol,110,1.0,0,1600,5,1075,Medium,5.2
872,10295,67.0,62316,Petrol,110,1.0,0,1600,3,1050,Medium,5.6
873,9750,68.0,62292,Petrol,110,1.0,0,1600,3,1065,Medium,5.7
874,8950,65.0,62225,Petrol,110,1.0,0,1600,3,1050,Medium,5.4
875,9900,68.0,62222,Petrol,110,0.0,0,1600,5,1075,Medium,5.7
876,8750,66.0,62135,Petrol,86,,0,1300,5,1035,Medium,5.5
877,9950,58.0,62024,Petrol,110,1.0,0,1600,5,1075,Medium,4.8
878,8500,60.0,61977,Petrol,86,1.0,0,1300,3,1015,Medium,5.0
879,9950,62.0,61930,Petrol,110,,0,1600,4,1035,Medium,5.2
880,10950,57.0,61682,Petrol,110,0.0,0,1600,3,1050,Medium,4.8
881,9795,68.0,61568,Petrol,110,1.0,0,1600,4,1035,Medium,5.7
882,8750,68.0,61504,Petrol,110,1.0,0,1600,4,1035,Medium,5.7
883,8250,65.0,61384,Petrol,110,1.0,0,1600,3,1050,Low,5.4
884,9950,58.0,61343,Petrol,110,1.0,0,1600,5,1075,Medium,4.8
885,9950,62.0,61254,Petrol,110,0.0,0,1600,5,1075,Medium,5.2
886,10500,59.0,61166,Petrol,110,1.0,0,1600,3,1050,Medium,4.9
887,9750,62.0,61149,Petrol,86,1.0,0,1300,5,1040,Medium,5.2
888,11250,61.0,61144,Petrol,110,1.0,0,1600,5,1090,Medium,5.1
889,8900,59.0,61127,Petrol,110,1.0,0,1600,3,1050,Medium,4.9
890,7950,60.0,61100,,86,1.0,0,1300,3,1015,Low,5.0
891,11500,68.0,61100,Petrol,110,1.0,0,1600,5,1075,Medium,5.7
892,9450,57.0,61000,Petrol,110,,0,1600,3,1050,Medium,4.8
893,7995,65.0,60724,Petrol,86,1.0,0,1300,3,1015,Low,5.4
894,10995,59.0,60708,Petrol,86,1.0,0,1300,5,1045,Medium,4.9
895,8950,61.0,60532,Petrol,110,1.0,0,1600,3,1050,Medium,5.1
896,8250,,60000,Petrol,86,0.0,1,1300,4,1030,Low,
897,8950,66.0,60000,Petrol,86,1.0,0,1300,3,1015,Medium,5.5
898,8950,65.0,60000,,86,1.0,0,1300,3,1015,Medium,5.4
899,9500,62.0,59295,,86,0.0,0,1300,5,1035,Medium,5.2
900,7500,65.0,59264,Petrol,86,0.0,0,1300,3,1015,Low,5.4
901,8950,63.0,59000,Petrol,110,0.0,0,1600,3,1050,Medium,5.2
902,9950,63.0,59000,Petrol,86,1.0,0,1300,5,1035,Medium,5.2
903,9750,65.0,59000,Petrol,110,0.0,0,1600,5,1075,Medium,5.4
904,9450,61.0,59000,Petrol,110,1.0,0,1600,5,1070,Medium,5.1
905,9950,65.0,59000,,110,0.0,0,1600,3,1050,Medium,5.4
906,9750,68.0,58860,Petrol,110,1.0,0,1600,3,1055,Medium,5.7
907,8950,65.0,58829,Petrol,110,0.0,0,1600,3,1050,Medium,5.4
908,8250,66.0,58654,Petrol,110,1.0,0,1600,5,1070,Low,5.5
909,7750,65.0,58300,Petrol,86,1.0,0,1300,3,1015,Low,5.4
910,8950,60.0,58269,Petrol,110,,0,1600,3,1050,Medium,5.0
911,9950,64.0,58136,Petrol,110,1.0,0,1600,5,1075,Medium,5.3
912,9450,66.0,58113,Petrol,107,1.0,1,1600,3,1085,Medium,5.5
913,12950,67.0,58058,Petrol,110,1.0,0,1600,3,1065,High,5.6
914,9950,58.0,58000,Petrol,110,1.0,0,1600,3,1050,Medium,4.8
915,10495,62.0,58000,Petrol,110,1.0,0,1600,3,1065,Medium,5.2
916,7950,68.0,57565,Petrol,86,,0,1300,5,1035,Low,5.7
917,10500,63.0,57413,Petrol,107,0.0,1,1600,5,1115,Medium,5.2
918,8950,65.0,57374,Petrol,110,1.0,0,1600,5,1075,Medium,5.4
919,9900,62.0,57179,Petrol,110,1.0,0,1600,5,1075,Medium,5.2
920,9995,61.0,57169,Petrol,110,1.0,0,1600,3,1065,Medium,5.1
921,9950,63.0,57124,Petrol,110,1.0,0,1600,3,1065,Medium,5.2
922,9950,63.0,57000,Petrol,110,,0,1600,3,1050,Medium,5.2
923,8250,67.0,57000,Petrol,110,0.0,0,1600,3,1050,Low,5.6
924,9950,63.0,57000,Petrol,86,1.0,0,1300,5,1035,Medium,5.2
925,8950,59.0,56259,Petrol,86,0.0,0,1300,3,1015,Medium,4.9
926,10950,62.0,56209,Petrol,107,1.0,1,1600,3,1080,Medium,5.2
927,9250,67.0,56074,Petrol,86,0.0,0,1300,4,1000,Medium,5.6
928,9950,63.0,55942,Petrol,110,1.0,0,1600,5,1070,Medium,5.2
929,9995,57.0,55844,Petrol,86,1.0,0,1300,5,1045,Medium,4.8
930,8750,61.0,55747,Petrol,86,0.0,0,1300,3,1020,Medium,5.1
931,10950,58.0,55478,Petrol,86,0.0,0,1300,5,1045,Medium,4.8
932,10350,,55085,Petrol,107,0.0,1,1600,5,1105,Medium,
933,9950,65.0,55061,Petrol,110,1.0,0,1600,5,1070,Medium,5.4
934,8950,65.0,55000,Petrol,86,1.0,0,1300,3,1015,Medium,5.4
935,10950,57.0,55000,Petrol,110,0.0,0,1600,5,1075,Medium,4.8
936,10950,63.0,54936,Petrol,110,1.0,0,1600,5,1075,Medium,5.2
937,8950,68.0,54875,Petrol,110,1.0,0,1600,5,1070,Medium,5.7
938,8900,67.0,54847,Petrol,110,0.0,0,1600,3,1050,Medium,5.6
939,10250,60.0,54554,Petrol,110,,0,1600,3,1065,Medium,5.0
940,9450,61.0,54125,Petrol,110,1.0,0,1600,5,1035,Medium,5.1
941,9250,61.0,54000,Petrol,110,1.0,0,1600,3,1055,Medium,5.1
942,10500,57.0,54000,Petrol,110,1.0,0,1600,5,1075,Medium,4.8
943,7350,58.0,54000,Petrol,86,0.0,0,1300,5,1035,Low,4.8
944,10250,57.0,54000,Petrol,110,1.0,0,1600,3,1135,Medium,4.8
945,10250,62.0,53285,Petrol,110,1.0,0,1600,5,1075,Medium,5.2
946,11500,65.0,53053,,110,1.0,0,1600,5,1075,Medium,5.4
947,8950,68.0,53000,Petrol,110,1.0,1,1587,3,1075,Medium,5.7
948,7750,,53000,Petrol,86,0.0,0,1300,3,1015,Low,
949,9500,64.0,52968,Petrol,110,1.0,0,1600,3,1050,Medium,5.3
950,8450,67.0,52800,Petrol,86,1.0,0,1300,3,1015,Low,5.6
951,8950,57.0,52548,Petrol,110,0.0,0,1600,3,1050,Medium,4.8
952,8400,60.0,52487,Petrol,110,1.0,0,1600,4,1035,Low,5.0
953,9250,66.0,52383,Petrol,86,0.0,0,1300,3,1015,Medium,5.5
954,8900,61.0,52112,Petrol,110,1.0,0,1600,4,1035,Medium,5.1
955,8750,58.0,51712,Petrol,110,0.0,0,1600,3,1050,Medium,4.8
956,10950,58.0,51421,Petrol,110,0.0,1,1600,5,1105,Medium,4.8
957,8950,61.0,51235,Petrol,86,1.0,0,1300,4,1000,Medium,5.1
958,8950,65.0,51000,,86,1.0,0,1300,3,1015,Medium,5.4
959,8895,61.0,50925,Petrol,110,1.0,0,1600,5,1070,Medium,5.1
960,9390,66.0,50806,Petrol,86,0.0,0,1300,3,1480,Medium,5.5
961,8750,59.0,50469,Petrol,110,1.0,0,1600,5,1070,Medium,4.9
962,9750,61.0,50173,Petrol,110,1.0,0,1600,5,1075,Medium,5.1
963,9950,62.0,50000,Petrol,110,1.0,0,1600,5,1075,Medium,5.2
964,10950,65.0,49942,,110,0.0,0,1600,3,1065,Medium,5.4
965,9900,67.0,49585,Petrol,110,0.0,0,1600,5,1085,Medium,5.6
966,9500,62.0,49258,Petrol,110,1.0,0,1600,4,1035,Medium,5.2
967,9950,61.0,49000,Petrol,110,0.0,0,1600,3,1050,Medium,5.1
968,9950,63.0,48738,Petrol,110,0.0,0,1600,5,1055,Medium,5.2
969,10500,62.0,47750,Petrol,86,1.0,0,1300,5,1040,Medium,5.2
970,9950,63.0,47612,Petrol,86,0.0,0,1300,3,1015,Medium,5.2
971,10495,68.0,47500,Petrol,86,,0,1300,5,1035,Medium,5.7
972,9500,,47237,Petrol,110,0.0,0,1600,3,1050,Medium,
973,8500,58.0,47171,Petrol,86,1.0,0,1300,3,1015,Medium,4.8
974,10450,60.0,47060,Petrol,110,0.0,0,1600,4,1035,Medium,5.0
975,8950,65.0,47014,Petrol,86,,0,1300,3,1015,Medium,5.4
976,9900,59.0,46929,Petrol,86,1.0,0,1300,3,1025,Medium,4.9
977,8900,,46000,Petrol,86,0.0,0,1300,5,1035,Medium,
978,8745,65.0,45681,Petrol,110,0.0,0,1600,3,1050,Medium,5.4
979,8750,65.0,45549,Petrol,86,,0,1300,3,1015,Medium,5.4
980,10750,57.0,45000,Petrol,110,1.0,0,1600,5,1050,Medium,4.8
981,9750,57.0,45000,,110,1.0,0,1600,3,1050,Medium,4.8
982,8850,65.0,45000,Petrol,110,0.0,0,1600,5,1075,Medium,5.4
983,7950,66.0,45000,Petrol,86,1.0,0,1300,5,1035,Low,5.5
984,9450,63.0,45000,Petrol,110,1.0,0,1600,4,1035,Medium,5.2
985,9950,61.0,45000,Petrol,107,0.0,1,1600,3,1085,Medium,5.1
986,8250,63.0,44944,Petrol,110,,0,1600,4,1035,Low,5.2
987,9950,61.0,44597,Petrol,86,,0,1300,3,1015,Medium,5.1
988,9995,,44458,Petrol,86,0.0,0,1300,3,1015,Medium,
989,9950,59.0,43818,Petrol,110,0.0,0,1600,5,1070,Medium,4.9
990,10495,60.0,43426,Petrol,110,1.0,0,1600,5,1070,Medium,5.0
991,7950,,43000,,110,,1,1600,4,1114,Low,
992,8950,68.0,43000,Petrol,110,1.0,0,1600,5,1035,Medium,5.7
993,9695,57.0,43000,Petrol,110,0.0,0,1600,5,1075,Medium,4.8
994,7750,64.0,43000,Petrol,86,,0,1300,3,1015,Low,5.3
995,9950,68.0,42750,,110,,0,1600,3,1050,Medium,5.7
996,9950,67.0,42102,Petrol,110,,0,1600,5,1075,Medium,5.6
997,9950,63.0,41586,Petrol,110,1.0,0,1600,5,1114,Medium,5.2
998,9900,64.0,41200,Petrol,110,,0,1600,5,1070,Medium,5.3
999,10950,57.0,40214,Petrol,86,0.0,0,1300,3,1025,Medium,4.8
1000,8950,60.0,40000,Petrol,86,1.0,0,1300,4,1000,Medium,5.0
1001,8950,66.0,39222,,86,1.0,1,1300,3,1045,Medium,5.5
1002,8250,66.0,39144,Petrol,110,1.0,0,1600,3,1050,Low,5.5
1003,10250,62.0,39000,Petrol,110,1.0,0,1600,5,1075,Medium,5.2
1004,8750,61.0,38019,Petrol,110,1.0,0,1600,5,1070,Medium,5.1
1005,9750,,37759,Petrol,110,1.0,0,1600,5,1070,Medium,
1006,10950,61.0,37500,Petrol,110,0.0,0,1600,5,1085,Medium,5.1
1007,10950,60.0,37111,Petrol,110,1.0,0,1600,3,1050,Medium,5.0
1008,9750,62.0,37000,Petrol,86,0.0,0,1300,3,1015,Medium,5.2
1009,8900,59.0,36954,Petrol,110,1.0,0,1600,3,1050,Medium,4.9
1010,9500,60.0,36943,Petrol,110,0.0,0,1600,5,1070,Medium,5.0
1011,9950,63.0,36923,Petrol,86,0.0,0,1300,5,1050,Medium,5.2
1012,9950,66.0,36658,Petrol,110,0.0,0,1600,3,1050,Medium,5.5
1013,8250,65.0,36000,Petrol,86,1.0,0,1300,3,1015,Low,5.4
1014,10450,65.0,36000,Petrol,110,,0,1600,3,1065,Medium,5.4
1015,10950,62.0,35512,Petrol,110,1.0,0,1600,3,1065,Medium,5.2
1016,9250,65.0,35283,Petrol,86,1.0,0,1300,3,1015,Medium,5.4
1017,8900,68.0,35000,Petrol,110,1.0,0,1600,3,1050,Medium,5.7
1018,10900,57.0,35000,Petrol,86,1.0,0,1300,5,1045,Medium,4.8
1019,9750,64.0,34114,Petrol,110,0.0,0,1600,3,1050,Medium,5.3
1020,11950,58.0,34000,Petrol,110,0.0,0,1600,5,1075,Medium,4.8
1021,7900,68.0,33847,Petrol,86,1.0,0,1300,4,1000,Low,5.7
1022,10900,57.0,33535,Petrol,110,0.0,0,1600,4,1035,Medium,4.8
1023,10450,65.0,33000,Petrol,110,0.0,0,1600,3,1050,Medium,5.4
1024,10950,59.0,32150,Petrol,110,1.0,0,1600,5,1085,Medium,4.9
1025,9950,65.0,31588,Petrol,86,1.0,0,1300,3,1015,Medium,5.4
1026,10750,,31480,Petrol,110,1.0,0,1600,3,1065,Medium,
1027,9900,57.0,31307,Petrol,110,1.0,0,1600,5,1070,Medium,4.8
1028,10750,68.0,31000,Petrol,110,1.0,0,1600,4,1035,Medium,5.7
1029,10450,58.0,30634,Petrol,110,1.0,0,1600,5,1075,Medium,4.8
1030,9450,68.0,30300,Petrol,86,1.0,0,1300,4,1000,Medium,5.7
1031,10750,60.0,28500,,86,1.0,1,1300,3,1045,Medium,5.0
1032,10950,60.0,28500,Petrol,110,0.0,0,1600,5,1075,Medium,5.0
1033,10000,57.0,28000,Petrol,86,,0,1300,3,1015,Medium,4.8
1034,10500,68.0,26698,Petrol,110,0.0,0,1600,3,1055,Medium,5.7
1035,12500,62.0,26000,Petrol,107,,1,1600,3,1085,High,5.2
1036,8950,62.0,25505,Petrol,86,1.0,0,1300,5,1035,Medium,5.2
1037,10500,58.0,25000,Petrol,110,1.0,0,1600,5,1075,Medium,4.8
1038,9245,66.0,22835,Petrol,110,1.0,0,1600,3,1050,Medium,5.5
1039,10950,59.0,22705,,110,1.0,0,1600,5,1075,Medium,4.9
1040,9500,,22178,Petrol,86,1.0,0,1300,3,1015,Medium,
1041,10900,62.0,17345,,110,1.0,0,1600,3,1050,Medium,5.2
1042,10950,67.0,15535,Petrol,86,,1,1300,4,1030,Medium,5.6
1043,9450,66.0,15110,Petrol,86,0.0,0,1300,5,1035,Medium,5.5
1044,5900,73.0,232940,Diesel,72,0.0,0,2000,5,1172,Low,6.1
1045,6950,79.0,218118,Diesel,72,0.0,0,2000,5,1150,Low,6.6
1046,6000,78.0,217764,Diesel,72,1.0,0,2000,5,1135,Low,6.5
1047,5250,79.0,207114,CNG,110,1.0,0,1600,5,1114,Low,6.6
1048,4400,74.0,203254,Diesel,72,1.0,0,2000,3,1135,Low,6.2
1049,6750,77.0,??,Diesel,72,1.0,0,2000,4,1100,Low,6.4
1050,8500,69.0,197501,Diesel,72,0.0,0,2000,5,1135,Medium,5.8
1051,6150,80.0,194765,Diesel,72,0.0,0,2000,3,1120,Low,6.7
1052,6950,76.0,191620,Diesel,72,0.0,0,2000,5,1150,Low,6.3
1053,5750,76.0,183277,Diesel,72,0.0,0,2000,3,1115,Low,6.3
1054,8750,78.0,180378,,72,1.0,0,2000,4,1100,Medium,6.5
1055,6500,70.0,178800,Diesel,72,0.0,0,2000,3,1115,Low,5.8
1056,5950,73.0,176177,Petrol,110,,0,1600,5,1075,Low,6.1
1057,6500,78.0,176000,Petrol,86,0.0,0,1300,5,1035,Low,6.5
1058,10500,77.0,172980,Diesel,72,,0,2000,5,1135,Medium,6.4
1059,8500,77.0,170000,Diesel,72,0.0,0,2000,4,1100,Medium,6.4
1060,7950,71.0,164000,Petrol,110,1.0,0,1600,3,1050,Low,5.9
1061,5800,78.0,161775,Petrol,86,,0,1300,3,1015,Low,6.5
1062,6750,80.0,160000,Petrol,86,0.0,0,1300,3,1015,Low,6.7
1063,6950,78.0,159968,Diesel,72,0.0,0,2000,3,1115,Low,6.5
1064,5740,74.0,159908,Petrol,110,0.0,0,1600,3,1050,Low,6.2
1065,6550,73.0,158492,Petrol,86,0.0,0,1300,3,1015,Low,6.1
1066,8950,69.0,156204,Diesel,72,1.0,0,2000,3,1115,Medium,5.8
1067,6750,73.0,156169,Petrol,86,1.0,0,1300,5,1035,Low,6.1
1068,7950,78.0,155210,Petrol,110,0.0,0,1600,3,1050,Low,6.5
1069,7950,69.0,155000,Diesel,72,0.0,0,2000,3,1115,Low,5.8
1070,7450,76.0,154900,Diesel,72,1.0,0,2000,5,1140,Low,6.3
1071,7750,70.0,151300,Diesel,72,1.0,0,2000,5,1150,Low,5.8
1072,6450,71.0,151000,CNG,110,1.0,0,1600,5,1094,Low,5.9
1073,7900,75.0,150000,Diesel,72,1.0,0,2000,3,1135,Low,6.2
1074,6900,69.0,146304,Diesel,72,,0,2000,3,1115,Low,5.8
1075,5600,75.0,146197,Petrol,86,0.0,0,1300,3,1015,Low,6.2
1076,5950,77.0,145996,Petrol,110,0.0,0,1600,4,1035,Low,6.4
1077,6950,80.0,143560,Petrol,86,1.0,1,1300,3,1045,Low,6.7
1078,7950,71.0,139145,Diesel,73,0.0,0,2000,2,1115,Low,5.9
1079,8950,,138500,Petrol,86,0.0,0,1300,5,1050,Medium,
1080,7950,74.0,137741,Diesel,90,1.0,0,2000,5,1135,Low,6.2
1081,9500,80.0,137178,Diesel,90,1.0,0,2000,5,1135,Medium,6.7
1082,8600,,134889,Diesel,72,1.0,0,2000,3,1115,Medium,
1083,5950,71.0,134660,Diesel,72,0.0,0,2000,5,1135,Low,5.9
1084,7750,73.0,134539,Petrol,110,,0,1600,5,1070,Low,6.1
1085,7950,79.0,131500,Diesel,72,0.0,0,2000,5,1140,Low,6.6
1086,6950,77.0,131307,Petrol,110,,0,1600,3,1050,Low,6.4
1087,7250,74.0,130025,Petrol,110,1.0,0,1600,3,1050,Low,6.2
1088,6500,78.0,130000,Petrol,86,,0,1300,5,1015,Low,6.5
1089,7250,77.0,128960,Petrol,110,1.0,0,1600,5,1070,Low,6.4
1090,9250,80.0,128351,,110,1.0,0,1600,5,1070,Medium,6.7
1091,8250,73.0,128006,Petrol,110,1.0,0,1600,3,1050,Low,6.1
1092,7250,71.0,127159,Diesel,72,1.0,0,2000,3,1115,Low,5.9
1093,5250,72.0,126478,Petrol,110,1.0,0,1600,4,1035,Low,6.0
1094,7900,77.0,126000,Petrol,110,1.0,0,1600,5,1050,Low,6.4
1095,6900,76.0,125778,Petrol,110,0.0,0,1600,3,1050,Low,6.3
1096,7900,75.0,125400,Petrol,110,0.0,0,1600,3,1050,Low,6.2
1097,7250,74.0,124910,Diesel,72,0.0,0,2000,5,1135,Low,6.2
1098,8450,70.0,124743,Petrol,110,1.0,0,1600,3,1050,Low,5.8
1099,7950,,124591,Petrol,110,1.0,0,1600,5,1075,Low,
1100,7950,74.0,124057,Petrol,110,1.0,0,1600,3,1050,Low,6.2
1101,6450,72.0,123403,Petrol,110,1.0,0,1600,3,1050,Low,6.0
1102,6650,75.0,123104,Petrol,110,1.0,0,1600,5,1070,Low,6.2
1103,7950,74.0,123077,Petrol,86,,0,1300,3,1015,Low,6.2
1104,7250,80.0,122820,Petrol,86,0.0,0,1300,5,1040,Low,6.7
1105,7450,77.0,122290,Petrol,110,0.0,0,1600,3,1050,Low,6.4
1106,7950,74.0,121900,Petrol,110,1.0,0,1600,4,1035,Low,6.2
1107,7250,,121545,Petrol,110,1.0,0,1600,5,1070,Low,
1108,8250,71.0,120474,Diesel,72,,0,2000,3,1115,Low,5.9
1109,8950,76.0,120263,Diesel,72,1.0,0,2000,5,1135,Medium,6.3
1110,7750,74.0,120196,Petrol,110,1.0,0,1600,3,1050,Low,6.2
1111,8500,71.0,120000,Petrol,110,0.0,0,1600,5,1085,Medium,5.9
1112,7750,78.0,120000,Petrol,110,0.0,0,1600,5,1075,Low,6.5
1113,5750,73.0,115877,Petrol,110,0.0,0,1600,4,1035,Low,6.1
1114,6900,76.0,115345,Petrol,110,1.0,0,1600,5,1070,Low,6.3
1115,6500,,115157,Petrol,110,1.0,0,1600,3,1050,Low,
1116,6500,78.0,115000,Petrol,107,1.0,1,1600,5,1100,Low,6.5
1117,7600,77.0,114258,Petrol,86,1.0,0,1300,5,1050,Low,6.4
1118,8950,73.0,112963,Diesel,72,1.0,0,2000,5,1135,Medium,6.1
1119,7450,74.0,112307,Petrol,110,1.0,0,1600,5,1070,Low,6.2
1120,7350,72.0,??,Petrol,86,1.0,0,1300,3,1015,Low,6.0
1121,7750,73.0,111602,Petrol,86,,0,1300,3,1015,Low,6.1
1122,7460,80.0,111392,CNG,110,0.0,0,1598,3,1083,Low,6.7
1123,9250,76.0,110901,Petrol,110,1.0,0,1600,5,1085,Medium,6.3
1124,7250,80.0,110887,Petrol,110,1.0,0,1600,3,1055,Low,6.7
1125,6500,72.0,110634,Petrol,86,1.0,0,1300,3,1015,Low,6.0
1126,6800,80.0,110000,Petrol,110,1.0,0,1600,4,1035,Low,6.7
1127,8700,75.0,109540,Petrol,110,0.0,0,1600,5,1085,Medium,6.2
1128,7500,,109263,Petrol,110,0.0,0,1600,5,1070,Low,
1129,7750,71.0,107516,Petrol,110,,0,1600,3,1050,Low,5.9
1130,7950,73.0,107108,Petrol,110,1.0,0,1600,3,1050,Low,6.1
1131,9950,75.0,107000,Petrol,110,1.0,0,1600,3,1050,Medium,6.2
1132,6640,74.0,106250,Petrol,110,0.0,0,1600,5,1070,Low,6.2
1133,8750,71.0,106150,Petrol,86,0.0,0,1300,3,1015,Medium,5.9
1134,7750,72.0,106108,Petrol,110,,0,1600,3,1050,Low,6.0
1135,5950,72.0,105856,Petrol,86,0.0,0,1300,3,1015,Low,6.0
1136,6750,77.0,105152,Petrol,86,0.0,0,1300,3,1015,Low,6.4
1137,6500,80.0,105135,Petrol,110,1.0,0,1600,3,1050,Low,6.7
1138,8750,76.0,104344,Petrol,110,1.0,0,1600,3,1050,Medium,6.3
1139,7950,74.0,104150,Petrol,110,1.0,0,1600,3,1050,Low,6.2
1140,6750,74.0,104000,Petrol,86,1.0,0,1300,3,1010,Low,6.2
1141,7950,73.0,103121,Petrol,86,1.0,0,1300,5,1035,Low,6.1
1142,7950,80.0,102300,Petrol,86,1.0,0,1300,3,1015,Low,6.7
1143,8950,75.0,102005,Petrol,107,1.0,1,1600,5,1105,Medium,6.2
1144,7750,77.0,102000,Petrol,86,1.0,0,1300,3,1015,Low,6.4
1145,6450,75.0,101855,Petrol,110,1.0,0,1600,5,1070,Low,6.2
1146,6900,74.0,101773,Petrol,110,0.0,0,1600,3,1050,Low,6.2
1147,8450,75.0,101159,Petrol,110,1.0,0,1600,5,1085,Low,6.2
1148,6750,74.0,101000,Petrol,86,0.0,0,1300,3,1015,Low,6.2
1149,8050,74.0,100732,Petrol,86,1.0,1,1300,4,1030,Low,6.2
1150,9500,79.0,100719,Petrol,110,0.0,0,1600,5,1070,Medium,6.6
1151,7750,78.0,100487,Petrol,110,0.0,0,1600,4,1035,Low,6.5
1152,8500,80.0,100458,Petrol,110,0.0,0,1600,5,1085,Medium,6.7
1153,7795,75.0,100192,Petrol,110,1.0,0,1600,3,1050,Low,6.2
1154,6490,80.0,100123,Petrol,110,1.0,0,1600,3,1050,Low,6.7
1155,7950,73.0,99971,Petrol,110,1.0,0,1600,3,1050,Low,6.1
1156,6425,79.0,99397,Petrol,86,0.0,0,1300,5,1035,Low,6.6
1157,8950,69.0,99374,Petrol,86,1.0,0,1300,5,1035,Medium,5.8
1158,6950,72.0,99245,Petrol,110,1.0,0,1600,5,1114,Low,6.0
1159,8750,79.0,98742,Petrol,110,0.0,0,1600,5,1085,Medium,6.6
1160,8450,71.0,98154,Petrol,110,1.0,0,1600,3,1050,Low,5.9
1161,7950,77.0,98000,Petrol,110,1.0,0,1600,5,1065,Low,6.4
1162,7950,80.0,97548,Petrol,86,0.0,0,1300,5,1035,Low,6.7
1163,8900,78.0,97534,Petrol,110,1.0,0,1600,5,1070,Medium,6.5
1164,8950,73.0,97494,Petrol,110,1.0,0,1600,5,1085,Medium,6.1
1165,8900,73.0,97085,Petrol,110,1.0,0,1600,5,1085,Medium,6.1
1166,7950,69.0,97000,Petrol,110,0.0,0,1600,4,1035,Low,5.8
1167,6495,74.0,96302,Petrol,86,1.0,0,1300,3,1015,Low,6.2
1168,7250,78.0,96000,Petrol,86,1.0,0,1300,3,1015,Low,6.5
1169,9250,,96000,Petrol,110,1.0,0,1600,5,1085,Medium,
1170,6650,78.0,95909,Petrol,110,1.0,0,1600,5,1070,Low,6.5
1171,6990,79.0,95700,Petrol,110,0.0,0,1600,5,1085,Low,6.6
1172,7750,78.0,95651,Petrol,110,1.0,0,1600,5,1070,Low,6.5
1173,6950,79.0,95000,,86,1.0,0,1300,5,1035,Low,6.6
1174,7250,80.0,94447,Petrol,110,0.0,0,1600,3,1050,Low,6.7
1175,9950,,94079,Petrol,110,1.0,0,1600,5,1085,Medium,
1176,9250,,93841,Petrol,110,0.0,0,1600,5,1070,Medium,
1177,7200,79.0,93090,,86,1.0,0,1300,5,1035,Low,6.6
1178,8250,72.0,93066,Petrol,110,1.0,0,1600,5,1075,Low,6.0
1179,8950,79.0,93039,Petrol,110,1.0,0,1600,3,1050,Medium,6.6
1180,8250,77.0,93000,,110,1.0,0,1600,5,1075,Low,6.4
1181,6250,80.0,92830,Petrol,86,1.0,0,1300,3,1015,Low,6.7
1182,9900,80.0,92255,Petrol,107,0.0,1,1600,5,1105,Medium,6.7
1183,7300,80.0,92096,Petrol,86,1.0,0,1300,5,1035,Low,6.7
1184,8950,72.0,91921,Petrol,86,1.0,0,1300,3,1020,Medium,6.0
1185,6500,70.0,91900,Petrol,86,1.0,0,1300,3,1015,Low,5.8
1186,7950,78.0,91399,Petrol,110,1.0,0,1600,5,1070,Low,6.5
1187,7450,75.0,91082,Petrol,110,,0,1600,3,1050,Low,6.2
1188,7950,71.0,90370,Petrol,86,1.0,0,1300,5,1035,Low,5.9
1189,8500,78.0,90345,Petrol,86,1.0,0,1300,5,1035,Medium,6.5
1190,6950,77.0,90305,Petrol,86,1.0,0,1300,3,1015,Low,6.4
1191,7950,78.0,90011,Petrol,86,0.0,1,1300,3,1045,Low,6.5
1192,6750,77.0,90000,,86,1.0,0,1300,3,1015,Low,6.4
1193,8450,70.0,89983,Petrol,110,0.0,0,1600,3,1055,Low,5.8
1194,7500,78.0,89953,Petrol,110,0.0,0,1600,5,1114,Low,6.5
1195,8750,74.0,89800,Diesel,72,1.0,0,2000,3,1115,Medium,6.2
1196,8750,79.0,89739,Petrol,86,1.0,0,1300,5,1035,Medium,6.6
1197,8950,76.0,89520,Petrol,110,1.0,0,1600,3,1050,Medium,6.3
1198,7450,,89507,Petrol,86,0.0,0,1300,3,1015,Low,
1199,9200,69.0,89096,Petrol,110,1.0,0,1600,5,1085,Medium,5.8
1200,8950,74.0,88700,Petrol,110,1.0,0,1600,3,1050,Medium,6.2
1201,7850,72.0,88500,Petrol,110,,0,1600,5,1075,Low,6.0
1202,6950,73.0,88186,Diesel,72,1.0,0,2000,3,1115,Low,6.1
1203,7200,75.0,88000,Petrol,110,1.0,0,1600,3,1050,Low,6.2
1204,7450,78.0,87743,Petrol,110,0.0,0,1600,3,1055,Low,6.5
1205,6750,75.0,87613,Petrol,86,0.0,0,1300,3,1015,Low,6.2
1206,7500,73.0,87358,Petrol,110,1.0,0,1600,3,1050,Low,6.1
1207,7450,,87083,Petrol,110,0.0,0,1600,4,1035,Low,
1208,7950,70.0,87000,Petrol,110,,0,1600,4,1035,Low,5.8
1209,7250,78.0,87000,Petrol,110,1.0,0,1600,4,1035,Low,6.5
1210,7950,,87000,Petrol,86,1.0,0,1300,3,1015,Low,
1211,8250,80.0,87000,Petrol,86,1.0,0,1300,3,1015,Low,6.7
1212,8250,72.0,86860,Petrol,110,0.0,0,1600,5,1075,Low,6.0
1213,6750,80.0,86109,Petrol,110,1.0,0,1600,3,1055,Low,6.7
1214,8750,79.0,86000,,86,1.0,0,1300,5,1040,Medium,6.6
1215,8950,80.0,86000,Petrol,110,0.0,0,1600,3,1050,Medium,6.7
1216,8500,70.0,85864,Diesel,72,1.0,0,2000,5,1135,Medium,5.8
1217,8250,80.0,85565,Petrol,110,0.0,0,1600,5,1070,Low,6.7
1218,9450,70.0,85470,Petrol,107,0.0,1,1600,3,1080,Medium,5.8
1219,7950,73.0,85200,Petrol,110,1.0,0,1600,3,1050,Low,6.1
1220,7900,70.0,85000,Petrol,110,1.0,0,1600,3,1055,Low,5.8
1221,8500,73.0,84988,Petrol,110,1.0,0,1600,3,1050,Medium,6.1
1222,8250,79.0,84966,Petrol,110,0.0,0,1600,5,1070,Low,6.6
1223,8250,76.0,84472,Petrol,110,1.0,0,1600,5,1070,Low,6.3
1224,8950,73.0,84402,Petrol,110,1.0,0,1600,4,1035,Medium,6.1
1225,7950,74.0,84123,Petrol,110,0.0,0,1600,3,1050,Low,6.2
1226,6950,,84000,Petrol,110,0.0,0,1600,5,1075,Low,
1227,7250,78.0,84000,Petrol,110,1.0,0,1600,5,1065,Low,6.5
1228,7750,77.0,84000,Petrol,110,1.0,0,1600,5,1085,Low,6.4
1229,8700,75.0,83850,Petrol,110,,0,1600,3,1055,Medium,6.2
1230,8950,,83540,Petrol,110,1.0,0,1600,5,1070,Medium,
1231,6750,76.0,83405,Petrol,110,1.0,0,1600,5,1070,Low,6.3
1232,7500,71.0,83291,Petrol,110,1.0,0,1600,5,1070,Low,5.9
1233,7950,69.0,83133,Petrol,86,0.0,0,1300,3,1015,Low,5.8
1234,8950,71.0,83047,,86,1.0,1,1300,3,1045,Medium,5.9
1235,7950,71.0,82700,Petrol,110,0.0,0,1600,3,1050,Low,5.9
1236,7450,,82675,Petrol,86,0.0,0,1300,3,1015,Low,
1237,5950,78.0,82595,,86,1.0,0,1300,3,1015,Low,6.5
1238,7750,75.0,82256,Petrol,110,1.0,0,1600,3,1050,Low,6.2
1239,6950,77.0,82103,Petrol,86,1.0,0,1300,3,1015,Low,6.4
1240,8750,80.0,82021,Petrol,86,1.0,0,1300,5,1035,Medium,6.7
1241,8950,71.0,82000,,110,1.0,0,1600,5,1075,Medium,5.9
1242,7495,79.0,81988,Petrol,110,1.0,0,1600,5,1070,Low,6.6
1243,7750,76.0,81930,Petrol,110,,0,1600,5,1070,Low,6.3
1244,6950,70.0,81663,,110,0.0,0,1600,3,1050,Low,5.8
1245,7990,77.0,80486,Petrol,????,1.0,0,1600,5,1070,Low,6.4
1246,7250,78.0,80000,Petrol,110,1.0,0,1600,4,1065,Low,6.5
1247,6900,69.0,79000,Petrol,86,0.0,0,1300,3,1015,Low,5.8
1248,7750,74.0,78894,Petrol,110,0.0,0,1600,5,1070,Low,6.2
1249,7250,,78689,Petrol,110,0.0,0,1600,4,1035,Low,
1250,8950,77.0,78435,Petrol,86,0.0,0,1300,3,1015,Medium,6.4
1251,8500,71.0,78260,Petrol,110,0.0,0,1600,3,1050,Medium,5.9
1252,7950,72.0,78120,,110,1.0,0,1600,5,1075,Low,6.0
1253,6950,77.0,77000,Petrol,86,,0,1300,3,1015,Low,6.4
1254,8000,,77000,Petrol,110,0.0,0,1600,3,1050,Low,
1255,7950,75.0,76382,Petrol,110,,0,1600,3,1055,Low,6.2
1256,8500,76.0,76268,Petrol,86,1.0,0,1300,3,1015,Medium,6.3
1257,7490,73.0,76151,Petrol,86,1.0,0,1300,3,1015,Low,6.1
1258,8250,80.0,76000,Petrol,110,,0,1600,3,1050,Low,6.7
1259,9250,71.0,76000,Petrol,110,1.0,0,1600,5,1070,Medium,5.9
1260,7950,72.0,75840,Petrol,86,0.0,0,1300,5,1035,Low,6.0
1261,9500,77.0,75799,Petrol,110,1.0,0,1600,3,1050,Medium,6.4
1262,8950,72.0,75525,Petrol,110,1.0,0,1600,3,1114,Medium,6.0
1263,8450,78.0,75323,Petrol,86,1.0,0,1300,5,1050,Low,6.5
1264,7995,79.0,75322,Petrol,110,1.0,0,1600,4,1115,Low,6.6
1265,8750,78.0,75226,Petrol,110,0.0,0,1600,4,1035,Medium,6.5
1266,5950,71.0,75085,Petrol,86,0.0,0,1300,5,1035,Low,5.9
1267,8500,73.0,75000,Petrol,110,0.0,0,1600,5,1075,Medium,6.1
1268,8950,69.0,75000,Petrol,86,1.0,0,1300,4,1000,Medium,5.8
1269,8750,69.0,75000,Petrol,86,1.0,0,1300,4,1000,Medium,5.8
1270,7600,78.0,74926,Petrol,110,1.0,0,1600,5,1075,Low,6.5
1271,7145,80.0,74785,Petrol,110,1.0,0,1600,5,1070,Low,6.7
1272,8450,69.0,74573,Petrol,110,1.0,0,1600,5,1085,Low,5.8
1273,5950,,74567,Petrol,86,1.0,0,1300,3,1015,Low,
1274,9000,80.0,74196,Petrol,110,,0,1600,5,1075,Medium,6.7
1275,7250,80.0,74151,Petrol,110,1.0,0,1600,3,1050,Low,6.7
1276,7400,75.0,74096,Petrol,110,1.0,0,1600,3,1050,Low,6.2
1277,8800,79.0,74093,Petrol,110,1.0,0,1600,5,1075,Medium,6.6
1278,7750,71.0,74000,Petrol,110,0.0,0,1600,3,1050,Low,5.9
1279,7500,75.0,74000,Petrol,86,1.0,0,1300,3,1015,Low,6.2
1280,8450,78.0,73638,Petrol,86,1.0,1,1300,4,1015,Low,6.5
1281,7400,,73460,Petrol,110,1.0,0,1600,5,1070,Low,
1282,7500,80.0,73200,Petrol,110,1.0,0,1600,5,1070,Low,6.7
1283,8950,76.0,73116,Petrol,110,1.0,0,1600,5,1075,Medium,6.3
1284,8950,,73014,Petrol,110,,0,1600,5,1075,Medium,
1285,7950,77.0,72703,Petrol,110,1.0,0,1600,3,1050,Low,6.4
1286,7950,79.0,72328,Petrol,110,1.0,0,1600,5,1075,Low,6.6
1287,7950,78.0,72222,Petrol,110,1.0,0,1600,5,1070,Low,6.5
1288,8950,71.0,72128,Petrol,107,1.0,1,1600,5,1100,Medium,5.9
1289,7750,78.0,72090,Petrol,110,1.0,0,1600,5,1070,Low,6.5
1290,8250,78.0,72000,Petrol,110,1.0,0,1600,4,1035,Low,6.5
1291,7950,78.0,72000,Petrol,110,0.0,0,1600,3,1055,Low,6.5
1292,7750,77.0,71900,Petrol,86,1.0,0,1300,3,1015,Low,6.4
1293,8500,77.0,71825,Petrol,110,0.0,0,1600,5,1075,Medium,6.4
1294,6950,80.0,71740,Petrol,110,1.0,0,1600,5,1070,Low,6.7
1295,7500,80.0,71500,Petrol,110,1.0,0,1600,4,1035,Low,6.7
1296,7750,79.0,71359,Petrol,110,1.0,0,1600,3,1050,Low,6.6
1297,5950,79.0,71263,Petrol,86,,0,1300,3,1015,Low,6.6
1298,7500,78.0,71186,Petrol,110,0.0,0,1600,3,1050,Low,6.5
1299,8950,72.0,71054,Petrol,86,0.0,1,1300,3,1045,Medium,6.0
1300,7950,76.0,71000,Petrol,110,1.0,0,1600,3,1050,Low,6.3
1301,6900,80.0,70939,Petrol,110,1.0,1,1600,5,1100,Low,6.7
1302,7450,77.0,70932,Petrol,110,1.0,0,1600,3,1050,Low,6.4
1303,8500,80.0,70597,Petrol,107,1.0,1,1600,3,1080,Medium,6.7
1304,7500,73.0,70482,Petrol,110,1.0,0,1600,5,1075,Low,6.1
1305,8750,77.0,70124,Petrol,110,1.0,0,1600,3,1050,Medium,6.4
1306,7500,76.0,70039,,110,1.0,0,1600,3,1050,Low,6.3
1307,9950,80.0,69904,Petrol,110,0.0,0,1600,5,1070,Medium,6.7
1308,7950,75.0,69388,Petrol,86,0.0,0,1300,3,1010,Low,6.2
1309,9950,75.0,69320,Petrol,110,1.0,0,1600,5,1070,Medium,6.2
1310,9250,78.0,69000,Petrol,110,,0,1600,5,1075,Medium,6.5
1311,9250,73.0,68988,Petrol,86,1.0,0,1300,5,1035,Medium,6.1
1312,9950,,68945,Petrol,110,1.0,0,1600,5,1085,Medium,
1313,5950,74.0,68285,Petrol,110,1.0,0,1600,3,1050,Low,6.2
1314,7995,,68000,,110,1.0,0,1600,5,1075,Low,
1315,8950,,68000,Petrol,86,1.0,1,1300,3,1045,Medium,
1316,7450,75.0,67451,Petrol,86,1.0,0,1300,4,1000,Low,6.2
1317,8250,,67266,Petrol,86,1.0,0,1300,5,1035,Low,
1318,8500,78.0,67255,Petrol,110,0.0,0,1600,5,1085,Medium,6.5
1319,8500,70.0,67100,Petrol,110,1.0,0,1600,5,1075,Medium,5.8
1320,9400,69.0,67092,Diesel,72,,0,2000,3,1115,Medium,5.8
1321,7250,80.0,66880,Petrol,110,1.0,0,1600,3,1055,Low,6.7
1322,8950,79.0,66855,Petrol,110,1.0,0,1600,5,1075,Medium,6.6
1323,9450,80.0,66843,Petrol,110,1.0,0,1600,5,1075,Medium,6.7
1324,8500,74.0,66718,Petrol,110,1.0,0,1600,3,1050,Medium,6.2
1325,6750,80.0,66168,Petrol,86,1.0,0,1300,3,1015,Low,6.7
1326,7400,80.0,65950,Petrol,110,0.0,0,1600,5,1070,Low,6.7
1327,8950,78.0,65500,Petrol,86,1.0,0,1300,3,1015,Medium,6.5
1328,6900,80.0,65307,Petrol,110,1.0,0,1600,3,1055,Low,6.7
1329,7750,79.0,65254,Petrol,86,1.0,0,1300,3,1015,Low,6.6
1330,8950,71.0,65021,Diesel,72,,0,2000,3,1115,Medium,5.9
1331,6950,75.0,65006,Petrol,86,1.0,0,1300,3,1015,Low,6.2
1332,8495,77.0,64280,Petrol,110,0.0,0,1600,4,1035,Medium,6.4
1333,10000,75.0,64000,Petrol,107,0.0,1,1600,3,1085,Medium,6.2
1334,6999,71.0,64000,Petrol,110,,0,1600,5,1070,Low,5.9
1335,8950,80.0,64000,Petrol,110,0.0,0,1600,3,1055,Medium,6.7
1336,8500,79.0,63918,,110,,0,1600,4,1035,Medium,6.6
1337,8750,75.0,63634,Petrol,110,1.0,0,1600,4,1035,Medium,6.2
1338,7499,80.0,63500,Petrol,110,1.0,0,1600,3,1050,Low,6.7
1339,9000,,63266,Petrol,110,1.0,0,1600,4,1035,Medium,
1340,8950,77.0,62595,Petrol,110,1.0,0,1600,3,1050,Medium,6.4
1341,6950,80.0,62581,Petrol,110,0.0,0,1600,5,1075,Low,6.7
1342,8500,77.0,62285,Petrol,110,1.0,0,1600,5,1075,Medium,6.4
1343,8450,77.0,61906,Petrol,86,1.0,1,1300,5,1065,Low,6.4
1344,8950,74.0,61700,Petrol,110,0.0,0,1600,5,1070,Medium,6.2
1345,8250,77.0,61648,Petrol,110,1.0,0,1600,5,1070,Low,6.4
1346,7950,75.0,61626,Petrol,86,0.0,0,1300,5,1035,Low,6.2
1347,7450,70.0,61510,Petrol,110,0.0,0,1600,4,1035,Low,5.8
1348,9000,79.0,61165,Petrol,107,1.0,1,1600,3,1080,Medium,6.6
1349,7150,70.0,61000,Petrol,110,1.0,0,1600,4,1035,Low,5.8
1350,7750,76.0,60833,Petrol,110,1.0,0,1600,4,1035,Low,6.3
1351,5845,70.0,60600,Petrol,86,0.0,0,1300,3,1060,Low,5.8
1352,8500,72.0,60483,Petrol,110,1.0,0,1600,5,1075,Medium,6.0
1353,8250,80.0,60476,Petrol,110,,0,1600,5,1114,Low,6.7
1354,9450,79.0,60142,Petrol,110,0.0,0,1600,3,1050,Medium,6.6
1355,6750,69.0,60050,Petrol,110,1.0,0,1600,3,1050,Low,5.8
1356,8400,77.0,60000,Petrol,110,1.0,0,1600,3,1050,Low,6.4
1357,7900,76.0,60000,Petrol,110,0.0,0,1600,3,1050,Low,6.3
1358,7950,76.0,59815,Petrol,110,1.0,0,1587,3,1055,Low,6.3
1359,8750,80.0,59326,Petrol,110,,0,1600,5,1085,Medium,6.7
1360,9900,73.0,59240,Petrol,110,1.0,0,1600,3,1050,Medium,6.1
1361,6495,71.0,59164,Petrol,110,0.0,0,1600,4,1035,Low,5.9
1362,8250,70.0,59017,Petrol,107,1.0,1,1600,3,1080,Low,5.8
1363,6900,69.0,58952,Petrol,110,1.0,0,1600,3,1050,Low,5.8
1364,7500,74.0,58454,,86,1.0,0,1300,3,1015,Low,6.2
1365,7950,75.0,58341,Petrol,86,1.0,1,1300,4,1030,Low,6.2
1366,8250,80.0,58267,Petrol,110,1.0,0,1600,5,1070,Low,6.7
1367,8950,80.0,58000,Petrol,110,0.0,0,1600,3,1055,Medium,6.7
1368,9750,70.0,57829,Petrol,110,0.0,0,1600,3,1050,Medium,5.8
1369,8250,80.0,57787,Petrol,86,0.0,0,1300,3,1015,Low,6.7
1370,8900,78.0,57628,Petrol,110,0.0,0,1600,5,1075,Medium,6.5
1371,8950,75.0,57537,Petrol,86,1.0,0,1300,5,1050,Medium,6.2
1372,6750,76.0,57263,Petrol,110,1.0,0,1600,3,1050,Low,6.3
1373,7950,75.0,57144,Petrol,110,1.0,0,1600,5,1070,Low,6.2
1374,8600,69.0,57096,Petrol,86,1.0,0,1300,3,1025,Medium,5.8
1375,7750,,57000,Petrol,86,0.0,0,1300,4,1000,Low,
1376,7800,,56566,Petrol,110,1.0,0,1600,3,1050,Low,
1377,8750,73.0,56307,Petrol,110,1.0,0,1600,3,1050,Medium,6.1
1378,9500,79.0,56214,Petrol,86,0.0,0,1300,3,1015,Medium,6.6
1379,7750,,56132,Petrol,110,0.0,0,1600,4,1035,Low,
1380,9950,79.0,55425,Petrol,110,0.0,0,1600,5,1075,Medium,6.6
1381,7750,77.0,54439,Petrol,86,1.0,0,1300,3,1015,Low,6.4
1382,5950,69.0,53809,Petrol,110,1.0,0,1600,3,1050,Low,5.8
1383,10950,76.0,53133,Petrol,110,1.0,0,1600,5,1070,Medium,6.3
1384,9450,77.0,52900,Petrol,110,1.0,0,1600,4,1075,Medium,6.4
1385,8250,80.0,52700,Petrol,110,0.0,0,1600,3,1050,Low,6.7
1386,9750,69.0,52320,Petrol,110,0.0,0,1600,5,1070,Medium,5.8
1387,7450,78.0,52287,Petrol,110,0.0,0,1600,5,1114,Low,6.5
1388,8750,75.0,52000,Petrol,110,,0,1600,5,1075,Medium,6.2
1389,8750,69.0,52000,Petrol,110,1.0,0,1600,3,1050,Medium,5.8
1390,8500,73.0,52000,Petrol,110,1.0,1,1600,4,1065,Medium,6.1
1391,8950,70.0,51874,Petrol,86,0.0,0,1300,4,1000,Medium,5.8
1392,7500,79.0,49827,Petrol,86,,0,1300,5,1035,Low,6.6
1393,7250,69.0,49640,,110,1.0,0,1600,4,1035,Low,5.8
1394,7450,80.0,49580,,110,1.0,0,1600,4,1035,Low,6.7
1395,8750,76.0,49170,,86,,0,1300,3,1045,Medium,6.3
1396,9800,77.0,48838,Petrol,110,0.0,0,1600,3,1055,Medium,6.4
1397,7500,71.0,48576,Petrol,86,1.0,0,1300,3,1015,Low,5.9
1398,8950,75.0,48400,Petrol,110,1.0,0,1600,5,1075,Medium,6.2
1399,8950,74.0,48242,Petrol,86,1.0,0,1300,5,1035,Medium,6.2
1400,7450,70.0,47955,Petrol,110,1.0,0,1600,5,1070,Low,5.8
1401,8950,71.0,47633,Petrol,110,1.0,0,1600,5,1075,Medium,5.9
1402,10500,,47400,Petrol,86,1.0,0,1300,5,1040,Medium,
1403,7000,73.0,47360,,86,0.0,0,1300,3,1010,Low,6.1
1404,8500,77.0,45507,Petrol,110,1.0,0,1600,3,1050,Medium,6.4
1405,7750,76.0,45410,Petrol,86,1.0,0,1300,5,1035,Low,6.3
1406,8950,70.0,44850,Petrol,110,1.0,0,1600,3,1050,Medium,5.8
1407,8250,69.0,44826,Petrol,110,0.0,0,1600,5,1075,Low,5.8
1408,9250,,44444,Petrol,110,1.0,0,1600,3,1050,Medium,
1409,7900,75.0,43720,Petrol,110,,0,1600,5,1070,Low,6.2
1410,8500,78.0,43622,Petrol,86,1.0,0,1300,4,1000,Medium,6.5
1411,7950,76.0,43532,Petrol,110,0.0,0,1600,5,1070,Low,6.3
1412,9950,69.0,42800,Petrol,110,1.0,0,1600,3,1050,Medium,5.8
1413,8750,74.0,42317,Petrol,107,1.0,1,1600,5,1100,Medium,6.2
1414,7500,80.0,42186,Petrol,110,1.0,0,1600,3,1050,Low,6.7
1415,6950,72.0,42000,Petrol,110,,0,1600,3,1050,Low,6.0
1416,8950,,40093,Petrol,110,0.0,0,1600,5,1114,Medium,
1417,8750,79.0,39800,Petrol,107,0.0,1,1600,3,1080,Medium,6.6
1418,7750,73.0,39168,Petrol,86,,0,1300,3,1015,Low,6.1
1419,8450,75.0,38945,Petrol,110,,0,1600,3,1050,Low,6.2
1420,8150,76.0,36537,,110,0.0,1,1600,4,1075,Low,6.3
1421,8500,78.0,??,Petrol,86,0.0,1,1300,3,1045,Medium,6.5
1422,7600,,36000,,110,1.0,0,1600,3,1050,Low,
1423,7950,80.0,35821,Petrol,86,0.0,1,1300,3,1015,Low,6.7
1424,7750,73.0,34717,Petrol,86,0.0,0,1300,3,1015,Low,6.1
1425,7950,80.0,??,Petrol,86,1.0,0,1300,4,1000,Low,6.7
1426,9950,78.0,30964,Petrol,110,,1,1600,3,1080,Medium,6.5
1427,8950,,29000,Petrol,86,1.0,1,1300,3,1045,Medium,
1428,8450,72.0,??,Petrol,86,,0,1300,3,1015,Low,6.0
1429,8950,78.0,24000,Petrol,86,1.0,1,1300,5,1065,Medium,6.5
1430,8450,80.0,23000,Petrol,86,0.0,0,1300,3,1015,Low,6.7
1431,7500,,20544,Petrol,86,1.0,0,1300,3,1025,Low,
1432,10845,72.0,??,Petrol,86,0.0,0,1300,3,1015,Medium,6.0
1433,8500,,17016,Petrol,86,0.0,0,1300,3,1015,Medium,
1434,7250,70.0,??,,86,1.0,0,1300,3,1015,Low,5.8
1435,6950,76.0,1,Petrol,110,0.0,0,1600,5,1114,Low,6.3
